Cod_Loc,IdProvincia,IdDepartamento,Observaciones,Categoría,Provincia,Departamento,Localidad,Nombre,Dirección,Piso,CP,cod_area,Teléfono,Mail,Web,Información adicional,Latitud,Longitud,TipoLatitudLongitud,Fuente,tipo_gestion,Pantallas,Butacas,espacio_INCAA,año_actualizacion
10049030,10,10049,NULL,Salas de cine,Catamarca,Capital,Catamarca,Cinemacenter,Intendente Mamerto Medina 220,NULL,4700,NULL,NULL,NULL,http://www.cinemacenter.com.ar/,NULL,-28.46473700,-65.80067500,Localización precisa,INCAA / SInCA,Privado comercial,5,743,NULL,2018
10091150,10,10091,NULL,Salas de cine,Catamarca,Santa Maria,Santa María,Centro Cultural San Agustín,San Martin 173,NULL,4139,3838,421511,NULL,NULL,NULL,-26.69385900,-66.04905800,Localización precisa,INCAA / SInCA,Privado comercial,1,440,0,2018
22140060,22,22140,NULL,Salas de cine,Chaco,San Fernando,Resistencia,Los Cines De La Costa,Av. Sarmiento 2600,NULL,3500,3794,472200,administracion@loscinesdelacosta.com.ar,http://resistencia.loscinesdelacosta.com.ar/,NULL,-27.43099500,-58.96267200,Localización precisa,INCAA / SInCA,Privado comercial,5,820,NULL,2018
26091020,26,26091,NULL,Salas de cine,Chubut,Sarmiento,Sarmiento,Deborah Jones De Williams,Reg. Inf. Mec. 25 Esquina 20 De Junio,NULL,9020,297,4897169,culturasarmiento@hotmail.com,http://www.culturachubut.gob.ar/…/convo-evita-culturales.ht…,NULL,-45.59437400,-69.06959400,Localización precisa,INCAA / SInCA,Público municipal,1,80,NULL,2018
18007010,18,18007,NULL,Salas de cine,Corrientes,Bella Vista,Bella Vista,Fantasio,Salta 1059,NULL,3432,NULL,NULL,nuevocineteatrorex@gmail.com,https://www.facebook.com/CineFantasioBellaVista/,NULL,-28.50849400,-59.04546400,Localización precisa,INCAA / SInCA,Privado comercial,1,240,NULL,2018
30056070,30,30056,NULL,Salas de cine,Entre Ríos,Gualeguaychu,Gualeguaychú,Cinema Gualeguaychú,25 De Mayo 1383,NULL,2820,263,4553653,cebriancine@gmail.com,http://cinemagualeguaychu.com,NULL,-33.00993700,-58.52547400,Localización precisa,INCAA / SInCA,Privado comercial,1,330,NULL,2018
30084070,30,30084,NULL,Salas de cine,Entre Ríos,Parana,Crespo,Salón Teatro Municipal,25 De Mayo 943,NULL,3116,343,4951160,municres@gmail.com,http://www.crespo.gov.ar,NULL,-32.03123100,-60.30582800,Localización precisa,INCAA / SInCA,Público municipal,1,180,NULL,2018
30028010,30,30028,NULL,Salas de cine,Entre Ríos,Federacion,Chajarí,Cine Gran Libertad,3 De Febrero 3060,NULL,3228,11,49899707,gerenciagranlibertad@gmail.com,http://cinegranlibertad.com/sala/gran-libertad/alias/chaj,NULL,-30.75941500,-57.98492900,Localización precisa,INCAA / SInCA,Privado comercial,1,400,NULL,2018
30084160,30,30084,NULL,Salas de cine,Entre Ríos,Parana,Paraná,Cine Complejo Círculo,Andres Pazos 339,NULL,3100,343,4233222,v-vieiro@hotmail.com,https://www.cinecirculo.com.ar/,NULL,-31.73292900,-60.52463100,Localización precisa,INCAA / SInCA,Privado comercial,2,300,NULL,2018
30008020,30,30008,NULL,Salas de cine,Entre Ríos,Colon,Colón,Starlight,Calle 12 De Abril 287,NULL,3280,3447,424481,samanthaeventos@hotmail.com,https://www.facebook.com/pg/StarlightCineColon/about/?ref=page_internal,NULL,-32.22154000,-58.13871300,Localización precisa,INCAA / SInCA,Privado comercial,2,154,NULL,2018
30049040,30,30049,NULL,Salas de cine,Entre Ríos,Gualeguay,Gualeguay,Altos Del Gualeguay,Rocamora 33,NULL,2840,3444,453306,legales@nefroargentina.com.ar,https://www.facebook.com/pg/CineAltosDeGualeguay/about/?ref=page_internal,NULL,-33.15032300,-59.31160900,Localización precisa,INCAA / SInCA,Privado comercial,1,198,NULL,2018
38094050,38,38094,NULL,Salas de cine,Jujuy,Tilcara,Tilcara,Barbarita Cruz,Belgrano 547,NULL,4624,388,4955462,musica@imagine.com.ar,https://capectilcara.com/,NULL,-23.57710500,-65.39396100,Localización precisa,INCAA / SInCA,Privado independiente,1,120,si,2018
38021060,38,38021,NULL,Salas de cine,Jujuy,Dr. Manuel Belgrano,San Salvador de Jujuy,Cine Auditorium,Independencia Esq. Italia S/N,NULL,4600,388,4632908,cineauditoriumjujuy@gmail.com,https://www.facebook.com/CineAuditoriumJujuyINCAAMercosur/,NULL,-24.18725200,-65.29285100,Localización precisa,INCAA / SInCA,Otros,1,201,NULL,2018
42007010,42,42007,NULL,Salas de cine,La Pampa,Atreuco,Doblas,Centro Cultural Doblas,Cordoba 670,NULL,6305,2953,492102,culturaydeportedoblas@cosedo.com.ar,NULL,NULL,-37.15213900,-64.01129800,Localización precisa,INCAA / SInCA,Público municipal,1,114,NULL,2018
42021020,42,42021,NULL,Salas de cine,La Pampa,Capital,Santa Rosa,Milenium,Escalante 270,NULL,6300,295,4773833,cineamadeus@yahoo.com.ar,https://www.facebook.com/pages/Cine-Milenium/321221581543378,NULL,-36.62312200,-64.29479700,Localización precisa,INCAA / SInCA,Privado comercial,1,352,NULL,2018
46042010,46,46042,NULL,Salas de cine,La Rioja,Chilecito,Chilecito,Cinema,La Plata Y 19 De Febrero,NULL,5360,380,4626907,ericontadoralinares@gmail.com,http://cinema3dlarioja.com/,NULL,-29.16301100,-67.49568800,Localización precisa,INCAA / SInCA,Privado comercial,2,216,NULL,2018
54077060,54,54077,NULL,Salas de cine,Misiones,Libertador Grl. San Martin,Puerto Rico,Cine Teatro Municipal San Martin,Av. San Martin 1474,NULL,3334,3743,422400,cultura.puertoricomnes@gmail.com,https://www.facebook.com/Cine-Teatro-San-Martin-Puerto-Rico-Misiones-611780998973270/,NULL,-26.81182100,-55.02552000,Localización precisa,INCAA / SInCA,Público municipal,1,520,NULL,2018
54063030,54,54063,NULL,Salas de cine,Misiones,Iguazu,Puerto Iguazú,Cine Panoramic Grand,Paraguay 372,NULL,3370,3757,498100,NULL,http://www.panoramicgrand.com,NULL,-25.59339300,-54.57574400,Localización precisa,INCAA / SInCA,Privado comercial,1,40,NULL,2018
54028030,54,54028,NULL,Salas de cine,Misiones,Capital,Posadas,Del Conocimiento,Ruta 12 Y Acceso Oeste (Av. Ulises Lopez),NULL,3300,3764,191010,info@imaxdelconocimiento.com,https://www.parquedelconocimiento.com/,NULL,-27.39619800,-55.96347700,Localización precisa,INCAA / SInCA,Público provincial,1,546,si,2018
66049040,66,66049,NULL,Salas de cine,Salta,General Guemes,General Guemes,Centro Cultural 13 De Febrero,20 De Febrero Esq. Gorriti,NULL,4430,3874,496276,cine13defebrero2013@outlook.com,https://www.facebook.com/Centro-Cultural-13-de-Febrero-Cine-teatro-962533320483179/,NULL,-24.67630300,-65.04589500,Localización precisa,INCAA / SInCA,Privado comercial,1,252,NULL,2018
66028050,66,66028,NULL,Salas de cine,Salta,Capital,Salta,El Teatrino,Aniceto Latorre 1211,NULL,4400,387,4228904,industriaculturalsrl@gmail.com,http://www.elteatrino.com/,NULL,-24.77323200,-65.41786400,Localización precisa,INCAA / SInCA,Privado comercial,1,120,NULL,2018
66028050,66,66028,NULL,Salas de cine,Salta,Capital,Salta,Cinemark,Av. Monseñor Tavella 4400,NULL,4400,NULL,57771000,lventura@cinemark.com.ar,https://www.cinemarkhoyts.com.ar,NULL,-24.83230200,-65.42845800,Localización precisa,INCAA / SInCA,Privado comercial,5,897,NULL,2018
66028050,66,66028,NULL,Salas de cine,Salta,Capital,Salta,Fundación Salta,General Guemes 434,NULL,4400,387,4320481,correofundacionsalta@gmail.com,http://www.distritoteatralsalta.com/espacio/teatro-de-la-fundacion-salta/,NULL,-24.78657400,-65.40845100,Localización precisa,INCAA / SInCA,Privado comercial,1,145,NULL,2018
70028010,70,70028,NULL,Salas de cine,San Juan,Capital,San Juan,Espacio San Juan,Av. Jose Ignacio De La Roza Oeste 806,NULL,5417,264,4238611,cpohl@cpmcines.com,http://www.espaciosanjuan.com/,NULL,-31.53987100,-68.57283900,Localización precisa,INCAA / SInCA,Privado comercial,5,849,NULL,2018
74049060,74,74049,NULL,Salas de cine,San Luis,Junin,Merlo,Cinestar,Av. Del Sol 1120,NULL,5881,2664,475660,campos_horacio@yahoo.com.ar,https://www.facebook.com/CineStarMerlo/,NULL,-32.34699100,-64.99821400,Localización precisa,INCAA / SInCA,Privado comercial,1,100,NULL,2018
74056150,74,74056,NULL,Salas de cine,San Luis,La Capital,San Luis,Municipal José La Vía,Av. Lafinur Y Av. Illia S/N,NULL,5700,2664,403539,elartenlaescuela@gmail.com,https://www.ciudaddesanluis.gov.ar/,NULL,-33.29922000,-66.34784600,Localización precisa,INCAA / SInCA,Público municipal,1,75,NULL,2018
78021040,78,78021,NULL,Salas de cine,Santa Cruz,Guer Aike,Río Gallegos,Cine Rio Gallegos,Av. Nestor Kirchner 1142,NULL,9400,2966,423753,socin@hotmail.com,http://www.cineriogallegos.com.ar/,NULL,-51.61991700,-69.21873500,Localización precisa,INCAA / SInCA,Privado comercial,3,290,NULL,2018
78049020,78,78049,NULL,Salas de cine,Santa Cruz,Rio Chico,Gobernador Gregores,Cine Municipal,Av. San Martin 514,NULL,9311,2962,491228,NULL,http://www.santacruz.gob.ar,NULL,-48.75080100,-70.24660500,Localización precisa,INCAA / SInCA,Público municipal,1,80,NULL,2018
86147130,86,86147,NULL,Salas de cine,Santiago del Estero,Rio Hondo,Termas de Río Hondo,Atlas Cine,Bolivar 15,NULL,4220,11,55290375,rabdenur@gmail.com,http://www.santacruz.gob.ar,NULL,-27.49683800,-64.85833000,Localización precisa,INCAA / SInCA,Privado comercial,1,233,NULL,2018
86119100,86,86119,NULL,Salas de cine,Santiago del Estero,Moreno,Quimili,Cine Teatro,Rivadavia 553,NULL,3740,3843,402187,sixtomadiaz@hotmail.com,https://www.municipalidaddequimili.gob.ar/,NULL,-27.64448600,-62.41379900,Localización precisa,INCAA / SInCA,Público municipal,1,136,NULL,2018
90084010,90,90084,NULL,Salas de cine,Tucumán,Capital,San Miguel de Tucumán,Atlas Cine,Av. Brigido Teran 250,NULL,4000,11,55290375,rabdenur@gmail.com,cineatlasweb.com.ar,NULL,-26.83470100,-65.19405900,Localización precisa,INCAA / SInCA,Privado comercial,2,219,NULL,2018
82049020,82,82049,NULL,Salas de cine,Santa Fe,General Obligado,Avellaneda,Luna De Avellaneda,Av. San Martin 810,NULL,3561,3482,598468,gscarel@estudioscarel.com.ar,http://www.cinelunadeavellaneda.com,NULL,-29.11806100,-59.65485300,Localización precisa,INCAA / SInCA,Privado comercial,1,299,NULL,2018
82070050,82,82070,NULL,Salas de cine,Santa Fe,Las Colonias,Esperanza,E-Max Cines,Brigadier Lopez 1471,NULL,3080,3496,420947,martin739@gmail.com,http://www.e-max.com.ar,NULL,-31.45082600,-60.89548300,Localización precisa,INCAA / SInCA,Privado comercial,3,584,NULL,2018
82021310,82,82021,NULL,Salas de cine,Santa Fe,Castellanos,Rafaela,Las Tipas Boulevard,C. Conscripto Zurbriggen 865,NULL,2300,3562,405750,admin@lastipasboulevard.com.ar,www.lastipasrafaela.com.ar/,NULL,-31.24256700,-61.50531900,Localización precisa,INCAA / SInCA,Privado comercial,4,920,NULL,2018
82063170,82,82063,NULL,Salas de cine,Santa Fe,La Capital,Santa Fe,Centro Cultural Prov. Francisco Paco Urondo,Junin 2457,NULL,3000,342,4573735,cencultu@yahoo.com.ar,https://es-la.facebook.com/ccpacourondo/,NULL,-31.63919600,-60.70297400,Localización precisa,INCAA / SInCA,Público provincial,1,800,NULL,2018
82021360,82,82021,NULL,Salas de cine,Santa Fe,Castellanos,Sunchales,Auditorio,Ruta 34 Km 262,NULL,2322,3493,454542,infocet@atilra.org.ar,https://www.ate.org/listado_agenda/seccion/3/zona/26/cine-auditorio-ate.html,NULL,-30.92993400,-61.54663700,Localización precisa,INCAA / SInCA,Privado independiente,1,305,NULL,2018
50049050,50,50049,NULL,Salas de cine,Mendoza,Las Heras,Las Heras,Tadicor Las Heras,Juan Dragui Lucero 1450,NULL,5539,351,4864350,pcavallero@tadicor.com,http://www.tadicor.com/Cines.php,NULL,-32.85318900,-68.80814800,Localización precisa,INCAA / SInCA,Privado comercial,2,284,NULL,2018
50098100,50,50098,NULL,Salas de cine,Mendoza,San Martin,San Martín,Tadicor San Martin,Lateral Sur Ruta Nacional 7 Sin Nro,NULL,5570,351,4864350,pcavallero@tadicor.com,htpp:/www.tadicor.com sección cines ,NULL,-32.85346800,-68.80818400,Localización precisa,INCAA / SInCA,Privado comercial,2,302,NULL,2018
14182060,14,14182,NULL,Salas de cine,Córdoba,Union,Bell Ville,Sudcinemas,Mitre 61,NULL,5900,353,422337,sudcinemas@arnetbiz.com.ar,http://sudcinemas.com.ar/cine-wp/cine/bellville/,NULL,-32.63018200,-62.68662800,Localización precisa,INCAA / SInCA,Privado comercial,2,324,NULL,2018
14014010,14,14014,NULL,Salas de cine,Córdoba,Capital,Córdoba,Dinosaurio Mall 60 Cuadras,Av. Circunvalacion Agustin Tosco 4552,NULL,5014,3515,261500,NULL,https://www.cinesdinomall.com.ar/,NULL,-31.45539200,-64.13979900,Localización precisa,INCAA / SInCA,Privado comercial,2,307,NULL,2018
14098110,14,14098,NULL,Salas de cine,Córdoba,Rio Cuarto,Elena,Cine Teatro Coop Luz Y Fuerza,Mitre 31,NULL,5815,358,4881249,rboatti@coopluzelena.com.ar,''https://www.facebook.com › Places › Elena  Cordoba  Argentina › Movie Theater'',NULL,-32.57161200,-64.39332900,Localización precisa,INCAA / SInCA,Privado comercial,1,279,NULL,2018
14161110,14,14161,NULL,Salas de cine,Córdoba,Tercero Arriba,Oliva,Cine Cooperativo,Colon 301,NULL,5980,3532,410000,administracion@coop-oliva.com.ar / sofia santolin@coop-oliva,http://coop-oliva.com.ar/,NULL,-32.03940300,-63.57042500,Localización precisa,INCAA / SInCA,Privado comunitario ,1,200,NULL,2018
14098230,14,14098,NULL,Salas de cine,Córdoba,Rio Cuarto,Río Cuarto,Cines Del Paseo,Av. Mugnaini Y Sobremonte,NULL,5800,358,4621235,riocuarto@cinesdelpaseo.com.ar,http://cba.gov.ar,NULL,-33.11805300,-64.34656900,Localización precisa,INCAA / SInCA,Privado comercial,4,955,NULL,2018
14098230,14,14098,NULL,Salas de cine,Córdoba,Rio Cuarto,Río Cuarto,Centro Cultural Leonardo Favio,Buenos Aires 55,NULL,5800,358,4676836,gamolayoli@hotmail.com,http://www.cba.gov.ar/,NULL,-33.12430600,-64.34916600,Localización precisa,INCAA / SInCA,Público provincial,1,219,NULL,2018
14021250,14,14021,NULL,Salas de cine,Córdoba,Colon,Salsipuedes,Dinosaurio Mall,Av. Sarmiento 1007,NULL,5113,3515,261500,cluduena@grupodinosaurio.com,http://www.cinesdinomall.com.ar,NULL,-31.12682800,-64.29602300,Localización precisa,INCAA / SInCA,Privado comercial,2,322,NULL,2018
14014010,14,14014,NULL,Salas de cine,Córdoba,Capital,Villa Rivera Indarte,Sunstar,Ricardo Rojas 9200,NULL,5008,3543,446300,gerente.cordoba@cinesunstar.com,http://www.cinesunstar.com/,NULL,-31.33576500,-64.28974600,Localización precisa,INCAA / SInCA,Privado comercial,6,1398,NULL,2018
02000010,02,02000,NULL,Salas de cine,Ciudad Autónoma de Buenos Aires,Ciudad Autonoma de Buenos Aires,Ciudad Autónoma de Buenos Aires,Centro Cultural Rector Ricardo Rojas,Av. Corrientes 2038,NULL,1045,NULL,49535405,gabriel.guralnik@gmail.com,http://www.rojas.uba.ar/,NULL,-34.60468200,-58.39595400,Localización precisa,INCAA / SInCA,Público nacional,2,250,NULL,2018
02000010,02,02000,NULL,Salas de cine,Ciudad Autónoma de Buenos Aires,Ciudad Autonoma de Buenos Aires,Ciudad Autónoma de Buenos Aires,Atlas Cine,Av. Del Libertador 750,NULL,1001,NULL,43135050,info@atlascines.com.ar,cineatlasweb.com.ar,NULL,-34.58809500,-58.38348500,Localización precisa,INCAA / SInCA,Privado comercial,3,585,NULL,2018
02000010,02,02000,NULL,Salas de cine,Ciudad Autónoma de Buenos Aires,Ciudad Autonoma de Buenos Aires,Ciudad Autónoma de Buenos Aires,Cine Amigos Del Bellas Artes,Av. Pte. Figueroa Alcorta 2280,NULL,1425,NULL,48034062,fwhite@aamnba.org.ar,https://www.facebook.com/pg/amigosdelbellasartes/about/?ref=page_internal,NULL,-34.58351100,-58.39268600,Localización precisa,INCAA / SInCA,Privado independiente,1,235,NULL,2018
02000010,02,02000,NULL,Salas de cine,Ciudad Autónoma de Buenos Aires,Ciudad Autonoma de Buenos Aires,Ciudad Autónoma de Buenos Aires,Cine Teatro Gran Rivadavia,Av. Rivadavia 8636,NULL,1407,NULL,46741300,paula@granrivadavia.com.ar,http://www.granrivadavia.com.ar/inicio/,NULL,-34.63481900,-58.48535900,Localización precisa,INCAA / SInCA,Privado comercial,1,1494,si,2018
02000010,02,02000,NULL,Salas de cine,Ciudad Autónoma de Buenos Aires,Ciudad Autonoma de Buenos Aires,Ciudad Autónoma de Buenos Aires,Atlas Cine,Jeronimo Salguero 3172,NULL,1425,NULL,43135050,info@atlascines.com.ar,cineatlasweb.com.ar,NULL,-34.57538500,-58.40399700,Localización precisa,INCAA / SInCA,Privado comercial,3,432,NULL,2018
02000010,02,02000,NULL,Salas de cine,Ciudad Autónoma de Buenos Aires,Ciudad Autonoma de Buenos Aires,Ciudad Autónoma de Buenos Aires,Hoyts,Melian 4880,NULL,1430,NULL,57771000,rmazzutti@hoyts.com.ar,https://www.cinemarkhoyts.com.ar/,NULL,-34.54634400,-58.48843500,Localización precisa,INCAA / SInCA,Privado comercial,10,1918,NULL,2018
02000010,02,02000,NULL,Salas de cine,Ciudad Autónoma de Buenos Aires,Ciudad Autonoma de Buenos Aires,Ciudad Autónoma de Buenos Aires,Cinain,Moreno 1199,NULL,1091,NULL,43836432,fernandomadedo@cinain.gob.ar,http://cinain.gob.ar/,NULL,-34.61199700,-58.38319400,Localización precisa,INCAA / SInCA,Público nacional,2,212,NULL,2018
02000010,02,02000,NULL,Salas de cine,Ciudad Autónoma de Buenos Aires,Ciudad Autonoma de Buenos Aires,Ciudad Autónoma de Buenos Aires,Cinema Devoto,Quevedo 3365,NULL,1417,NULL,40196019,mlopez@cinemadevoto.com.ar,https://cinemadevoto.com.ar/,NULL,-34.61165800,-58.51692800,Localización precisa,INCAA / SInCA,Privado comercial,8,1908,NULL,2018
02000010,02,02000,NULL,Salas de cine,Ciudad Autónoma de Buenos Aires,Ciudad Autonoma de Buenos Aires,Ciudad Autónoma de Buenos Aires,Centro Cultural Borges,Viamonte 525,Piso 3,1005,NULL,55555358,dpetchersky@yahoo.com.ar,https://www.ccborges.org.ar/,NULL,-34.59972400,-58.37455900,Localización precisa,INCAA / SInCA,Privado comercial,1,160,NULL,2018
06882050,06,06882,NULL,Salas de cine,Buenos Aires,Zarate,Zarate,Cine Teatro Coliseo,19 De Marzo 314,NULL,2800,11,65992021,maquintero78@gmail.com,https://es-la.facebook.com/ZarateCineTeatroColiseo/,NULL,-34.09752900,-59.02214500,Localización precisa,INCAA / SInCA,Privado comercial,1,300,NULL,2018
06441030,06,06441,NULL,Salas de cine,Buenos Aires,La Plata,La Plata,Cine Municipal Ecoselect,19 Y 51,Piso 2,1900,221,4248733,cineylocacioneslaplata@gmail.com,http://www.cultura.laplata.gov.ar,NULL,-34.92654600,-57.96157700,Localización precisa,INCAA / SInCA,Público municipal,1,60,SI,2018
06357110,06,06357,NULL,Salas de cine,Buenos Aires,General Pueyrredon,Mar del Plata,Cinemacenter,Alberti 1610,NULL,7600,11,52180400,gzamora@cinemacenter.com.ar,http://www.cinemacenter.com.ar/,NULL,-38.01162000,-57.54293900,Localización precisa,INCAA / SInCA,Privado comercial,6,1121,NULL,2018
06714060,06,06714,NULL,Salas de cine,Buenos Aires,Salto,Salto,Cervantes,Alvear 65,NULL,2741,2474,551096,j.burgos.ceres@hotmail.com,http://saltoyvos.com/tag/cine_cervantes/,NULL,-34.29298600,-60.25526400,Localización precisa,INCAA / SInCA,Privado comercial,1,220,NULL,2018
06035010,06,06035,NULL,Salas de cine,Buenos Aires,Avellaneda,Avellaneda,Village,Autopista Bs. As. - La Plata Km 6,NULL,1870,NULL,51282828,village.avellaneda@village.com.ar,http://facebook.com/cinecervantes3d,NULL,-34.68020600,-58.33277700,Localización precisa,INCAA / SInCA,Privado comercial,16,3485,NULL,2018
06035010,06,06035,NULL,Salas de cine,Buenos Aires,Avellaneda,Avellaneda,Carlos Carella,Av. Galicia 401,NULL,1870,11,37608002,edulabce@hotmail.com,www.unica-cartelera.com.ar/teatros/259-sala-carlos-carella,NULL,-34.67374800,-58.38670200,Localización precisa,INCAA / SInCA,Privado comercial,1,45,NULL,2018
06490010,06,06490,NULL,Salas de cine,Buenos Aires,Lomas de Zamora,Lomas de Zamora,Cine Teatro Español Lomas De Zamora,Av. Hipolito Yrigoyen 9070,NULL,1832,NULL,42430381,lomasteatroespanol@gmail.com,https://www.facebook.com/cineteatroespanol/,NULL,-34.76125100,-58.40263100,Localización precisa,INCAA / SInCA,Público municipal,1,522,SI,2018
06539010,06,06539,NULL,Salas de cine,Buenos Aires,Merlo,San Antonio de Padua,Village,Av. Juan Domingo Peron 24056,NULL,1718,NULL,51688888,village.merlo@village.com.ar,https://www.villagecines.com/,NULL,-34.66661000,-58.70290200,Localización precisa,INCAA / SInCA,Privado comercial,6,1315,NULL,2018
06840010,06,06840,NULL,Salas de cine,Buenos Aires,Tres de Febrero,Santos Lugares,Cine Teatro Ocean,Av. La Plata 3530,NULL,1676,NULL,47579861,inoya@tresdefebrero.gov.ar,https://www.tresdefebrero.gov.ar/noticias/cultura-y-educacin/reinauguracion-del-cine-teatro-ocean/,NULL,-34.60130100,-58.54387300,Localización precisa,INCAA / SInCA,Público municipal,1,271,NULL,2018
06014010,06,06014,NULL,Salas de cine,Buenos Aires,Adolfo Gonzales Chaves,Gonzales Chaves,Cine Coliseo,Av. San Martin 235,Piso 1,7513,2983,481740,sespagch@hotmail.com,https://www.facebook.com/pg/ZarateCineTeatroColiseo/about/?ref=page_internal,NULL,-38.03123200,-60.09603700,Localización precisa,INCAA / SInCA,Privado comercial,1,250,SI,2018
06105060,06,06105,NULL,Salas de cine,Buenos Aires,Bolivar,Bolivar,María Esther Chiquita Domeño,Av. San Martin 642,NULL,6550,2314,480184,analia.carbajo@live.com,NULL,NULL,-36.23122400,-61.11336700,Localización precisa,INCAA / SInCA,Privado comunitario ,1,256,SI,2018
06861010,06,06861,NULL,Salas de cine,Buenos Aires,Vicente Lopez,Munro,Centro Cultural Municipal Munro,Av. Velez Sarsfield 4650,NULL,1605,NULL,47971162,york.cultura@vicentelopez.gov.ar,https://www.vicentelopez.gov.ar/modernizacion/punto-de-interes/3-centro-cultural-munro,NULL,-34.53037200,-58.52388400,Localización precisa,INCAA / SInCA,Público municipal,1,540,NULL,2018
06408010,06,06408,NULL,Salas de cine,Buenos Aires,Hurlingham,Hurlingham,Centro Cultural Leopoldo Marechal,Av. Vergara 2396,NULL,1686,NULL,NULL,NULL,https://www.facebook.com/pages/Centro-Cultural-Leopoldo-Marechal-Hurlingham/297621827101262,NULL,-34.57671600,-58.64197100,Localización precisa,INCAA / SInCA,Público municipal,1,600,NULL,2018
06525020,06,06525,NULL,Salas de cine,Buenos Aires,Marcos Paz,Marcos Paz,Cine Teatro Roma,Avellaneda 1950,NULL,1727,220,4776523,cine@marcospaz.gov.ar,https://www.facebook.com/pg/cinemarcospaz/about/?ref=page_internal,NULL,-34.78122200,-58.83862300,Localización precisa,INCAA / SInCA,Público municipal,1,350,NULL,2018
06371010,06,06371,NULL,Salas de cine,Buenos Aires,General San Martin,Villa Ballester,José Hernández,Balcarce 2973,NULL,1653,NULL,47675752,soteras_jh_am@hotmail.com,https://www.facebook.com/pg/CineTeatroSalaJoseHernandez/about/?ref=page_internal,NULL,-34.55065800,-58.55834000,Localización precisa,INCAA / SInCA,Privado comercial,1,660,NULL,2018
06568010,06,06560,NULL,Salas de cine,Buenos Aires,Moreno,El Palomar,Cine Teatro Helios,Boulevard San Martin 3076,NULL,1684,NULL,47518647,produccion@cineteatrohelios.com.ar,https://www.cinesargentinos.com.ar/horarios/c:733:cine-teatro-helios/,NULL,-34.60392100,-58.59290400,Localización precisa,INCAA / SInCA,Privado comercial,1,349,SI,2018
06441030,06,06441,NULL,Salas de cine,Buenos Aires,La Plata,La Plata,Taller De Teatro - UNLP,Calle 10 1076,NULL,1900,221,6239105,proyeccionesterrestres@gmail.com,https://www.facebook.com/pg/Clases-de-Teatro-La-Plata-124851047580248/about/?ref=page_internal,NULL,-34.91982400,-57.94985300,Localización precisa,INCAA / SInCA,Privado comercial,1,100,NULL,2018
06063010,06,06063,NULL,Salas de cine,Buenos Aires,Balcarce,Balcarce,Cine Paris Balcarce,Calle 18 684,NULL,7620,2266,421703,complejoparis1@gmail.com,https://web.ultracine.com/nueva-sala-cine-paris-de-balcarce/,NULL,-37.84856700,-58.25622500,Localización precisa,INCAA / SInCA,Privado comercial,1,272,NULL,2018
06294050,06,06294,NULL,Salas de cine,Buenos Aires,General Arenales,General Arenales,Cine Teatro Roma,Castelli 152,NULL,6005,2353,460583,mutualafc@yahoo.com.ar,https://www.facebook.com/pages/Cine-Teatro-Roma-General-Arenales/286484061815736,NULL,-34.30384600,-61.30852500,Localización precisa,INCAA / SInCA,Privado comercial,1,208,NULL,2018
06420020,06,06420,NULL,Salas de cine,Buenos Aires,La Costa,San Bernardo,Cine Teatro Arenas,Chiozza 1776,NULL,7111,2257,460050,NULL,https://www.facebook.com/pg/Cine-Teatro-Arenas-3D-San-Bernardo-309783435805259/about/?ref=page_internal,NULL,-36.69927800,-56.67743400,Localización precisa,INCAA / SInCA,Privado comercial,3,1358,NULL,2018
06595070,06,06595,NULL,Salas de cine,Buenos Aires,Olavarria,Olavarría,Cine Paris,General Paz 2720,NULL,7400,2284,417751,complejoparis1@gmail.com,http://www.cineparis.com.ar,NULL,-36.89403900,-60.32394400,Localización precisa,INCAA / SInCA,Privado comercial,2,383,NULL,2018
06042010,06,06042,NULL,Salas de cine,Buenos Aires,Ayacucho,Ayacucho,Hugo Del Carril,Irigoyen 941,NULL,7150,2296,454949,isaiasalgañaraz@gmail.com,https://www.facebook.com/pages/category/Government-Organization/Direcci%C3%B3n-de-Cultura-Ayacucho-1677928362483344/,NULL,-37.15258200,-58.48596600,Localización precisa,INCAA / SInCA,Público municipal,1,385,NULL,2018
06413050,06,06413,NULL,Salas de cine,Buenos Aires,Junin,Junín,Tu Cine,Jorge Newbery 263,NULL,6000,2364,422299,condor@dimarcointernacional.com,http://www.tucine.com.ar,NULL,-34.58354600,-60.94538700,Localización precisa,INCAA / SInCA,Privado comercial,3,453,NULL,2018
06861010,06,06861,NULL,Salas de cine,Buenos Aires,Vicente Lopez,Olivos,Centro Cultural York,Juan Bautista Alberdi 895,NULL,1636,NULL,47119213,york.cultura@vicentelopez.gov.ar,https://www.facebook.com/cineteatroyorkolivos,NULL,-34.50771500,-58.48496200,Localización precisa,INCAA / SInCA,Público municipal,1,280,NULL,2018
06568010,06,06568,NULL,Salas de cine,Buenos Aires,Moron,Morón,Hoyts,Juan Manuel De Rosas 658,NULL,1744,NULL,54441000,rmazzutti@hoyts.com.ar,https://www.cinemarkhoyts.com.ar/,NULL,-34.63496800,-58.62930500,Localización precisa,INCAA / SInCA,Privado comercial,8,1865,NULL,2018
06638040,06,06638,NULL,Salas de cine,Buenos Aires,Pilar,Pilar,Multiplex,Las Magnolias 754,Piso 1,1629,230,4384812,ssomma@cinesmultiplex.com.ar,https://www.multiplex.com.ar/,NULL,-34.44706700,-58.86709800,Localización precisa,INCAA / SInCA,Privado comercial,9,1407,NULL,2018
06497060,06,06497,NULL,Salas de cine,Buenos Aires,Lujan,Luján,Cinema Rosso,Lavalle 410,NULL,6700,2323,423954,cinema-rosso@hotmail.com,www.cinemarossolujan.com/,NULL,-34.56415200,-59.11585200,Localización precisa,INCAA / SInCA,Privado comercial,2,197,NULL,2018
06588100,06,06588,NULL,Salas de cine,Buenos Aires,9 de Julio,9 de Julio,El Cine De La Biblioteca,Mendoza Y San Martin 991,NULL,6500,2317,457354,waltermarini@msn.com,https://www.facebook.com/bibliotecapopularjingenieros/about/,NULL,-35.44491400,-60.88791200,Localización precisa,INCAA / SInCA,Privado comunitario ,1,90,NULL,2018
06658010,06,06658,NULL,Salas de cine,Buenos Aires,Quilmes,Quilmes,Cine Teatro Municipalidad De Quilmes,Mitre 721,NULL,1878,NULL,42532213,incaaquilmes@gmail.com,https://www.facebook.com/INCAAQuilmes/,NULL,-34.72256600,-58.25320100,Localización precisa,INCAA / SInCA,Público municipal,1,415,si,2018
06182030,06,06182,NULL,Salas de cine,Buenos Aires,Coronel de Marina L. Rosales,Punta Alta,Cinema Colon,Rivadavia 459,NULL,8109,11,68643237,k.jana@cinemacolon.com.ar,http://www.cinemacolon.com.ar,NULL,-38.88019600,-62.07672100,Localización precisa,INCAA / SInCA,Privado comercial,1,390,NULL,2018
06595070,06,06595,NULL,Salas de cine,Buenos Aires,Olavarria,Olavarría,Flix Olavarría,Rivadavia 4730,NULL,7400,2281,444411,flix.olavarria@gmail.com,http://olavarria.flixcinema.com.ar/,NULL,-36.88081600,-60.30440900,Localización precisa,INCAA / SInCA,Privado comercial,2,660,NULL,2018
06826010,06,06826,NULL,Salas de cine,Buenos Aires,Trenque Lauquen,Beruti,Cine Club La Luisa,San Martin 455,NULL,6424,2392,491112,deñegacionberuti@yahoo.com.ar / bttinaty@yahoo.com.ar,NULL,NULL,-35.85261400,-62.51235000,Localización precisa,INCAA / SInCA,Público municipal,1,310,NULL,2018
06826040,06,06826,NULL,Salas de cine,Buenos Aires,Trenque Lauquen,30 De Agosto,Cine Teatro Santa Rosa De Lima,Santa Rosa De Lima 170,NULL,6405,2392,471739,comprasente30deagosto@cetl.com.ar,https://www.trenquelauquen.gov.ar/noticias/30-de-agosto-funciones-en-el-cine-santa-rosa/,NULL,-36.27850800,-62.54435500,Localización precisa,INCAA / SInCA,Público municipal,1,410,NULL,2018
06861010,06,06861,NULL,Salas de cine,Buenos Aires,Vicente Lopez,Munro,Lumiton,Sargento Cabral 2354,NULL,1605,NULL,45806236,lumiton.usina@gmail.com,https://www.instagram.com/lumiton_usina/,NULL,-34.52791900,-58.51593400,Localización precisa,INCAA / SInCA,Público municipal,1,30,NULL,2018
06028010,06,06028,NULL,Salas de cine,Buenos Aires,Almirante Brown,Adrogué,Cinemas Paseo Adrogué,Segui 699,NULL,1846,NULL,42140763,NULL,https://www.fandango.lat/ar/cines/cpm-cinemas-paseo-adrogue-190321-191200,NULL,-34.80009700,-58.39675300,Localización precisa,INCAA / SInCA,Privado comercial,4,710,NULL,2018
06840010,06,06840,NULL,Salas de cine,Buenos Aires,Tres de Febrero,Caseros,Cine Teatro Paramount,Tres De Febrero 2561,NULL,1678,NULL,47501438,inoya@tresdefebrero.gov.ar,https://www.tresdefebrero.gov.ar/tema/cine-teatro-paramount/,NULL,-34.60539600,-58.56397700,Localización precisa,INCAA / SInCA,Público municipal,2,645,SI,2018
10049030,10,10049,NULL,Salas de cine,Catamarca,Capital,Catamarca,Cinemacenter,Av. Guemes 850,NULL,4700,3833,4423040,centercatamarca@cinemacenter.com.ar,http://www.cinemacenter.com.ar/,NULL,-28.47586700,-65.77458100,Localización precisa,INCAA / SInCA,Privado comercial,5,914,NULL,2018
22140060,22,22140,NULL,Salas de cine,Chaco,San Fernando,Resistencia,Espacio Incaa Guido Miranda,Colón 164,NULL,3500,3624,4810748,lagomecita@hotmail.com,http://www.ecomchaco.com.ar/guidomiranda/default.htm,NULL,-27.45563940,-58.98448010,Localización precisa,INCAA / SInCA,Público provincial,1,167,si,2018
22140060,22,22140,NULL,Salas de cine,Chaco,San Fernando,Resistencia,Cinemacenter,Av. Lavalle 826,NULL,3500,3624,415999,centeravalos@cinemacenter.com.ar,http://www.cinemacenter.com.ar/,NULL,-27.43821400,-58.98703800,Localización precisa,INCAA / SInCA,Privado comercial,5,792,NULL,2018
22140060,22,22140,NULL,Salas de cine,Chaco,San Fernando,Resistencia,Cinemacenter,Av. Dr. Sabin Y Av. Nicolas Avellaneda,NULL,3500,3722,446554,centerresistencia@cinemacenter.com.ar,http://www.cinemacenter.com.ar/,NULL,-27.43874700,-58.98728500,Localización precisa,INCAA / SInCA,Privado comercial,3,690,NULL,2018
26007020,26,26007,NULL,Salas de cine,Chubut,Biedma,Puerto Madryn,Cine Teatro Auditorium,28 De Julio 129,NULL,9120,2804,455653,auditorium@madryn.com,http://www.cinemadryn.com/,NULL,-42.76625100,-65.03536900,Localización precisa,INCAA / SInCA,Privado comercial,2,486,NULL,2018
26035060,26,26035,NULL,Salas de cine,Chubut,Futaleufu,Trevelin,Espacio INCAA Trevelin,28 De Julio 414,NULL,9203,2945,480145,culturatrevelin@gmail.com,https://cines.com/argentina/espacio-incaa-trevelin/,NULL,-43.07951600,-71.46313500,Localización precisa,INCAA / SInCA,Público municipal,1,150,si,2018
26077040,26,26077,NULL,Salas de cine,Chubut,Rawson,Trelew,Espacio INCAA Km 1460,9 De Julio 655,NULL,9100,280,4969388,donato.enrique@hotmail.com,https://www.facebook.com/pg/Sala-Incaa-Km-1460-Trelew-197525007014521/about/?ref=page_internal,NULL,-43.25346100,-65.31623100,Localización precisa,INCAA / SInCA,Público municipal,1,100,si,2018
26035030,26,26035,NULL,Salas de cine,Chubut,Futaleufu,Esquel,Auditorio Municipal De Esquel,Belgrano 330,NULL,9200,11,5081526,coordinacioncultura@yahoo.com.ar,https://www.facebook.com/CulturaEsquel/,NULL,-42.91433200,-71.33242000,Localización precisa,INCAA / SInCA,Público municipal,1,243,NULL,2018
26077040,26,26077,NULL,Salas de cine,Chubut,Rawson,Trelew,Coliseo,Belgrano 375,Piso 1,9100,2804,425300,delcoliseosa@speedy.com.ar,https://www.facebook.com/Cine-Coliseo-Trelew-262482040443290/,NULL,-43.25278400,-65.30766700,Localización precisa,INCAA / SInCA,Privado comercial,1,380,NULL,2018
26077030,26,26077,NULL,Salas de cine,Chubut,Rawson,Rawson,Centro Cultural José Hernández,Dr. Jorge Galina S/N,NULL,9103,2804,485564,cinerawsonchubut2014@gmail.com,https://www.facebook.com/media/set/?set=a.910604218955417.1073743674...type...,NULL,-43.29985800,-65.09948700,Localización precisa,INCAA / SInCA,Privado comercial,1,400,si,2018
26021030,26,26021,NULL,Salas de cine,Chubut,Escalante,Comodoro Rivadavia,Cine Coliseo,San Martin 570,NULL,9000,297,6210242,cinecr@speedy.com.ar,https://www.cinesargentinos.com.ar/horarios/c:511:coliseo-comodoro-rivadavia-/,NULL,-45.86105700,-67.48258100,Localización precisa,INCAA / SInCA,Privado comercial,1,380,NULL,2018
26021030,26,26021,NULL,Salas de cine,Chubut,Escalante,Comodoro Rivadavia,Cine Teatro Español,San Martin 668,NULL,9000,297,6245762,cinecr@speedy.com.ar,http://www.cinecr.com.ar,NULL,-45.86107100,-67.48407200,Localización precisa,INCAA / SInCA,Privado comercial,1,463,si,2018
18021020,18,18021,NULL,Salas de cine,Corrientes,Capital,Corrientes,Los Cines De La Costa,Av. Centenario 3535,NULL,3400,3794,472200,centenario@loscinesdelacosta.com.ar,http://shopping.loscinesdelacosta.com.ar/index.php,NULL,-27.48135900,-58.76699800,Localización precisa,INCAA / SInCA,Privado comercial,4,562,NULL,2018
18021020,18,18021,NULL,Salas de cine,Corrientes,Capital,Corrientes,Cinemacenter,Av. Pedro Ferre Y Chacabuco,NULL,3400,3794,423400,centercorrientes@cinemacenter.com.ar,http://www.cinemacenter.com.ar/,NULL,-27.46464000,-58.81063500,Localización precisa,INCAA / SInCA,Privado comercial,5,1140,NULL,2018
18035020,18,18035,NULL,Salas de cine,Corrientes,Curuzu Cuatia,Curuzu Cuatiá,Sociedad Rural,Beron De Astrada 641,NULL,3460,NULL,NULL,nuevocineteatrorex@gmail.com,http://cinedelarural.com.ar,NULL,-29.79047300,-58.05447400,Localización precisa,INCAA / SInCA,Privado comercial,1,300,NULL,2018
18021020,18,18021,NULL,Salas de cine,Corrientes,Capital,Corrientes,Costanera,Carlos Pellegrini 451/311,NULL,3400,3794,472200,costanera@loscinesdelacosta.com.ar,http://www.loscinesdelacosta.com.ar/,NULL,-27.46475200,-58.84301500,Localización precisa,INCAA / SInCA,Privado comercial,2,358,NULL,2018
18084020,18,18084,NULL,Salas de cine,Corrientes,Ituzaingo,Ituzaingó,Leonardo Favio,Corrientes 1715,NULL,3302,3786,404273,wilfredodavid_50@hotmail.com,https://www.facebook.com/pg/CINEITU/about/,NULL,-27.58568700,-56.68698500,Localización precisa,INCAA / SInCA,Público municipal,1,200,si,2018
18070020,18,18070,NULL,Salas de cine,Corrientes,Goya,Goya,Cines De La Costa,España 659,NULL,3450,3794,472200,costanera@loscinesdelacosta.com.ar,www.micartelera.com.ar/cines.asp?id=3,NULL,-29.14428300,-59.26674100,Localización precisa,INCAA / SInCA,Privado comercial,2,370,NULL,2018
18119030,18,18119,NULL,Salas de cine,Corrientes,Paso de los Libres,Paso de los Libres,Cine Teatro Opera,Los 108 941,NULL,3230,3772,424404,imc@mplibres.gob.ar,https://www.facebook.com/pg/Cineoperacorrientes/about/?ref=page_internal,NULL,-29.71371010,-57.08556010,Localización precisa,INCAA / SInCA,Privado comercial,1,200,NULL,2018
30008090,30,30008,NULL,Salas de cine,Entre Ríos,Colon,San José,Cine Urquiza,25 De Mayo 1849,NULL,3283,343,4320151,nuevocineteatrorex@gmail.com,http://www.cineurquiza.com.ar,NULL,-32.21251500,-58.21790100,Localización precisa,INCAA / SInCA,Privado comercial,1,250,NULL,2018
30105060,30,30105,NULL,Salas de cine,Entre Ríos,Victoria,Victoria,Cine Teatro Victoria,Alem 64,NULL,3153,343,6421005,culturamdv@gmail.com,https://www.cinesargentinos.com.ar/complejo/sala-municipal-cine-teatro-victoria/,NULL,-32.62022470,-60.15723860,Localización precisa,INCAA / SInCA,Público municipal,1,299,si,2018
30015060,30,30015,NULL,Salas de cine,Entre Ríos,Concordia,Concordia,Teatro Gran Odeon,Entre Rios 567,NULL,3200,345,4224758,fernandaaragon@fundacionodeon.com.ar,http://www.fundacionodeon.com.ar,NULL,-31.39815100,-58.01899900,Localización precisa,INCAA / SInCA,Privado comercial,1,664,NULL,2018
30098040,30,30098,NULL,Salas de cine,Entre Ríos,Uruguay,Concepción del Uruguay,Cine Teatro San Martin,Estrada 820,NULL,3260,3442,426145,estudiocginepro@gmail.com,https://www.facebook.com/cinesanmartin/,NULL,-32.48000000,-58.23515600,Localización precisa,INCAA / SInCA,Privado comercial,1,457,NULL,2018
30008020,30,30008,NULL,Salas de cine,Entre Ríos,Colon,Villa Elisa,Centro Cultural La Fragua,Hector De Elia 1489,NULL,3265,3447,481779,asociacioncivillafragua@gmail.com,https://www.facebook.com/pg/asociacioncivillafragua/about/?ref=page_internal,NULL,-32.16527110,-58.40008700,Localización precisa,INCAA / SInCA,Público municipal,1,70,si,2018
30084160,30,30084,NULL,Salas de cine,Entre Ríos,Parana,Paraná,Cine Rex,Monte Caseros 266,NULL,3100,343,4320151,nuevocinerex@gmail.com,https://www.cinerexparana.com/,NULL,-31.73557900,-60.53082000,Localización precisa,INCAA / SInCA,Privado comercial,3,434,NULL,2018
30113080,30,30113,NULL,Salas de cine,Entre Ríos,Villaguay,Villaguay,Fundación Emilio Berisso,San Martin 540,NULL,3240,3455,414428,cineteatroberisso@gmail.com,https://www.facebook.com/pg/CineBerisso/about/?ref=page_internal,NULL,-31.86511500,-59.02743300,Localización precisa,INCAA / SInCA,Privado comercial,1,350,NULL,2018
34014020,34,34014,NULL,Salas de cine,Formosa,Formosa,Formosa,Cine Teatro Italia,Av. 25 De Mayo 353,NULL,3600,3717,436447,cineteatroitalia@formosa.gov.ar,https://www.facebook.com/cine.italia/,NULL,-26.18299644,-58.16838024,Localización precisa,INCAA / SInCA,Público provincial,1,565,si,2018
34014020,34,34014,NULL,Salas de cine,Formosa,Formosa,Formosa,Avenida,Av. Juan Domingo Peron 757,NULL,3600,3704,420255,jimecaceres@hotmail.com,https://www.facebook.com/pg/Cines-Avenida-112830095434025/about/?ref=page_internal,NULL,-26.16949700,-58.18148300,Localización precisa,INCAA / SInCA,Privado comercial,3,619,NULL,2018
38042040,38,38042,NULL,Salas de cine,Jujuy,Palpala,Palpala,Cine Teatro Altos Hornos Zapla,Av. Rio De La Plata 383,NULL,4612,388,4276689,claudio.caceres@imdpalpala.gob.ar,https://www.facebook.com/pg/CineAHZ/about/?ref=page_internal,NULL,-24.25759260,-65.21309500,Localización precisa,INCAA / SInCA,Privado comercial,1,1100,si,2018
""
38021060,38,38021,NULL,Salas de cine,Jujuy,Dr. Manuel Belgrano,San Salvador de Jujuy,Cine Teatro Alfa,Patricias Argentinas 360,NULL,4600,388,4230426,cinealfajujuy@hotmail.com,https://twitter.com/cineteatroalfa,NULL,-24.18449400,-65.31115600,Localización precisa,INCAA / SInCA,Privado comercial,2,856,NULL,2018
42105030,42,42105,NULL,Salas de cine,La Pampa,Maraco,Gral. Pico,Espacio Incaa-Cine & Teatro Pico,Calle 17 957,NULL,6360,2302,421776,italianaxx@speedy.com.ar,http://www.picocine.com.ar/,NULL,-35.66053020,-63.75286950,Localización precisa,INCAA / SInCA,Privado comercial,1,534,si,2018
42105030,42,42105,NULL,Salas de cine,La Pampa,Maraco,Gral. Pico,Cine Gran Pampa,Calle 20 642,NULL,6360,2302,421776,italianaxx@speedy.com.ar,https://cines.com › Inicio › La Pampa › General Pico,NULL,-35.65898200,-63.75393500,Localización precisa,INCAA / SInCA,Privado comercial,1,730,NULL,2018
42021020,42,42021,NULL,Salas de cine,La Pampa,Capital,Santa Rosa,Amadeus,Coronel Gil 31,NULL,6300,2954,458160,administracion@cinedonbosco3d.com.ar, www.cineamadeus.com.ar/,NULL,-36.61990400,-64.28990200,Localización precisa,INCAA / SInCA,Privado comercial,1,223,NULL,2018
42021020,42,42021,NULL,Salas de cine,La Pampa,Capital,Santa Rosa,Espacio Incaa Santa Rosa,Quintana 172,NULL,6300,2954,772893,contablecultura.santarosa@hotmail.com,https://www.facebook.com/Espacio-INCAA-Santa-Rosa-715759378505317/,NULL,-36.61882750,-64.29339990,Localización precisa,INCAA / SInCA,Público municipal,1,118,si,2018
46014010,46,46014,NULL,Salas de cine,La Rioja,Capital,La Rioja,Cinemacenter,Av. Abel Bazan Y Bustos 710,NULL,5300,3804,461893,centerlarioja@cinemacenter.com.ar,http://www.cinemacenter.com.ar/,NULL,-29.41152524,-66.85814976,Localización precisa,INCAA / SInCA,Privado comercial,4,769,NULL,2018
46014010,46,46014,NULL,Salas de cine,La Rioja,Capital,La Rioja,Espacio 73,Catamarca 73,NULL,5300,3804,468432,coord.mediosaudiovisuales@gmail.com,http://www.culturalarioja.gob.ar,NULL,-29.41285200,-66.85932760,Localización precisa,INCAA / SInCA,Público nacional,1,128,si,2018
46014010,46,46014,NULL,Salas de cine,La Rioja,Capital,La Rioja,Cinema,Pelagio Luna 960,NULL,5300,3804,463383,ericontadoralinares@gmail.com,http://cinema3dlarioja.com/,NULL,-29.41279900,-66.86169300,Localización precisa,INCAA / SInCA,Privado comercial,2,292,NULL,2018
46014010,46,46014,NULL,Salas de cine,La Rioja,Capital,La Rioja,Cinema,San Martin 62,NULL,5300,3804,463386,ericontadoralinares@gmail.com,http://cinema3dlarioja.com/,NULL,-29.41478000,-66.85770100,Localización precisa,INCAA / SInCA,Privado comercial,1,72,NULL,2018
54091080,54,54091,NULL,Salas de cine,Misiones,Obera,Oberá,Cine Casinos,Av. Sarmiento 1044,NULL,3360,3755,425011,cinesobera@arnetbiz.com.ar,www.cinescasinoobera.com.ar/,NULL,-27.48614000,-55.12317200,Localización precisa,INCAA / SInCA,Privado comercial,2,292,NULL,2018
54028030,54,54028,NULL,Salas de cine,Misiones,Capital,Posadas,Sunstar,Bolivar 1979,NULL,3300,376,438666,gerente.posadas@sunstar.com,http://www.cinesunstar.com/,NULL,-27.36677500,-55.89562600,Localización precisa,INCAA / SInCA,Privado comercial,4,559,NULL,2018
54091080,54,54091,NULL,Salas de cine,Misiones,Obera,Oberá,Cine Teatro Obera,San Martin 1069,NULL,3360,3755,408625,cineteatro.obera@outlook.com,https://www.facebook.com/CineTeatroObera/,NULL,-27.48820800,-55.12230500,Localización precisa,INCAA / SInCA,Público municipal,1,220,si,2018
58035070,58,58035,NULL,Salas de cine,Neuquén,Confluencia,Neuquén,Village,Av. Antartida Argentina 1111,NULL,8300,2994,471500,village.neuquen@village.com.ar,https://www.villagecines.com/,NULL,-38.94753500,-68.08014100,Localización precisa,INCAA / SInCA,Privado comercial,7,1894,NULL,2018
58035070,58,58035,NULL,Salas de cine,Neuquén,Confluencia,Neuquén,Cine Teatro Español,Av. Argentina 245,NULL,8300,2994,429747,clau_diaz@hotmail.com,https://www.facebook.com/cineteatronqn/,NULL,-38.95250200,-68.05886850,Localización precisa,INCAA / SInCA,Privado comercial,1,639,si,2018
58035040,58,58035,NULL,Salas de cine,Neuquén,Confluencia,Cutral-Co,Cine Rex Cutral-Co,Av. Del Trabajo 676,NULL,8200,NULL,NULL,iturbemariano@gmail.com,http://www.cinerexcutralco.com.ar/index.php,NULL,-38.93714500,-69.22888600,Localización precisa,INCAA / SInCA,Privado comercial,1,290,NULL,2018
58056010,58,58056,NULL,Salas de cine,Neuquén,Lacar,San Martín de los Andes,Centro Cultural Costema,Gral. Roca 1154,NULL,8370,2972,428399,cccotesma@cotesma.com.ar,http://centrocultural.cotesma.com.ar/agenda-de-cine,NULL,-40.15738300,-71.35183720,Localización precisa,INCAA / SInCA,Privado comercial,2,398,si,2018
58112040,58,58112,NULL,Salas de cine,Neuquén,Zapala,Zapala,Cine Teatro Municipal Amado Sapag,San Martin 281,NULL,8340,2942,421664,jjjeldrez@hotmail.com,https://www.facebook.com/Cine-Teatro-de-Zapala-1558752601048983/,NULL,-38.90354560,-70.06491820,Localización precisa,INCAA / SInCA,Público municipal,1,738,si,2018
62042560,62,62042,NULL,Salas de cine,Río Negro,General Roca,Villa Regina,Cine Teatro Circulo Italiano,Av. Rivadavia 117,NULL,8336,298,4588456,espacioincaavillaregina@gmail.com,http://cineteatrocirculo.com.ar/tags/cine,NULL,-39.09326355,-67.08392556,Localización precisa,INCAA / SInCA,Privado comercial,1,661,si,2018
62042450,62,62042,NULL,Salas de cine,Río Negro,General Roca,Gral. Roca,Cine Rex,Av. Roca 1585,NULL,8332,343,5122308,iturbemariano@gmail.com,http://cinerexroca.com.ar,NULL,-39.02737700,-67.57543600,Localización precisa,INCAA / SInCA,Privado comercial,2,300,NULL,2018
62042390,62,62042,NULL,Salas de cine,Río Negro,General Roca,Cinco Saltos,Cine Teatro Español,Av. Roca 326,NULL,8303,299,4980122,asoc.esp.cinco.saltos@gmial.com,https://www.facebook.com/pg/Cine-Teatro-Espa%C3%B1ol-Cinco-Saltos-1534103586894165/about/?ref=page_internal,NULL,-38.82830100,-68.06446700,Localización precisa,INCAA / SInCA,Privado comercial,1,320,si,2018
62007090,62,62007,NULL,Salas de cine,Río Negro,Adolfo Alsina,Viedma,Cine Gama,Gallardo 160,NULL,8500,2920,432286,cinegama@yahoo.com.ar,https://cines.com/argentina/cine-gama/,NULL,-40.81081200,-62.98849700,Localización precisa,INCAA / SInCA,Privado comercial,1,350,NULL,2018
62021060,62,62021,NULL,Salas de cine,Río Negro,Bariloche,Bariloche,Sunstar,Onelli 447,NULL,8400,2944,433128,gerente.bariloche@cinesunstar.com,http://www.cinesunstar.com/,NULL,-41.13347200,-71.31027800,Localización precisa,INCAA / SInCA,Privado comercial,3,461,NULL,2018
62021060,62,62021,NULL,Salas de cine,Río Negro,Bariloche,Bariloche,La Llave,Sobral Y Onelli,NULL,8400,294,421599,comunicacionculturalmscb@bariloche.com.ar,https://www.facebook.com/escuelalallavebariloche/,NULL,-41.15479963,-71.30052075,Localización precisa,INCAA / SInCA,Público municipal,1,100,si,2018
62014040,62,62014,NULL,Salas de cine,Río Negro,Avellaneda,Choele Choel,Sala Municipal Espacio Incaa,Tello Y Av. San Martin,NULL,8360,298,4555525,secdesarrollosocialchoele@hotmail.com,https://www.facebook.com/EspacioIncaaKm1000ChoeleChoel/,NULL,-39.28799100,-65.66539800,Localización precisa,INCAA / SInCA,Público municipal,1,282,si,2018
66028050,66,66028,NULL,Salas de cine,Salta,Capital,Salta,Cine Rex,Av. San Martin 1170,NULL,4400,387,4889200,zingone@arnet.com.ar,https://www.facebook.com/pg/Cine-Rex-Salta-1989566067982401/about/?ref=page_internal,NULL,-24.79296700,-65.41917500,Localización precisa,INCAA / SInCA,Privado comercial,2,353,NULL,2018
66056220,66,66056,NULL,Salas de cine,Salta,Grl. Jose de San Martin,Tartagal,Open Plaza,Guemes 421,NULL,4560,NULL,NULL,adrianc@ferreterianorte.com.ar, http://www.cineopenplaza.com.ar,NULL,-22.51593300,-63.80501800,Localización precisa,INCAA / SInCA,Privado comercial,1,220,NULL,2018
66126070,66,66126,NULL,Salas de cine,Salta,Oran,Orán,Cine Municipal De La Cultura Oran,Hipolito Yrigoyen 137,NULL,4530,3878,421274,culturaoran@gmail.com,https://www.facebook.com/Cine-Municipal-Espacios-Incaa-Oran-473261419496188/,NULL,-23.13513220,-64.32221540,Localización precisa,INCAA / SInCA,Público municipal,1,280,si,2018
66028050,66,66028,NULL,Salas de cine,Salta,Capital,Salta,Hogar Escuela,Pje. Chiclana Esq. H. Irigoyen S/N,NULL,4400,387,4228669,ministro@cultura.salta.gov.ar,http://www.culturasalta.gov.ar/contenidos/espacio-incaa-hogar-escuela/50,NULL,-24.79591900,-65.39997000,Localización precisa,INCAA / SInCA,Público provincial,1,354,si,2018
66028050,66,66028,NULL,Salas de cine,Salta,Capital,Salta,Opera,Urquiza 560,NULL,4400,387,4213297,zingone@arnet.com.ar,https://www.facebook.com/pages/category/Drive-In-Movie-Theater/Cine-Opera-Salta-155718934490642/,NULL,-24.79240300,-65.41075800,Localización precisa,INCAA / SInCA,Privado comercial,2,682,NULL,2018
66028050,66,66028,NULL,Salas de cine,Salta,Capital,Salta,Hoyts,Virrey Toledo 702,NULL,4400,NULL,57771000,rmazzutti@hoyts.com.ar,https://www.cinemarkhoyts.com.ar/,NULL,-24.78147200,-65.40354700,Localización precisa,INCAA / SInCA,Privado comercial,8,1362,NULL,2018
70028010,70,70028,NULL,Salas de cine,San Juan,Capital,San Juan,Cinemacenter,Av. Circunvalacion Y Escalabrini Ortiz,NULL,5400,264,4212121,centersanjuan@cinemacenter.com.ar,http://www.cinemacenter.com.ar/,NULL,-31.52259300,-68.54260400,Localización precisa,INCAA / SInCA,Privado comercial,8,1803,NULL,2018
70028010,70,70028,NULL,Salas de cine,San Juan,Capital,San Juan,Play Cinema,Av. Libertador 1826 (Oeste),NULL,5400,264,4309000,admnistracion@playcinema.net,http://www.playcinema.net/,NULL,-31.53176600,-68.55143200,Localización precisa,INCAA / SInCA,Privado comercial,6,1071,NULL,2018
70028010,70,70028,NULL,Salas de cine,San Juan,Capital,San Juan,Cine Teatro Municipal San Juan,B. Mitre 41 Este,NULL,5400,264,4213295,cineteatromunicipalsj@gmail.com,http://www.municipiosanjuan.gob.ar/?q=content/cartelera-del-cine-teatro-municipal,NULL,-31.53776800,-68.52529700,Localización precisa,INCAA / SInCA,Público municipal,1,416,si,2018
70028010,70,70028,NULL,Salas de cine,San Juan,Capital,San Juan,Fundación Iopps,Pedro Echague Oeste 475,NULL,5400,264,4219787,iopps@speedy.com.ar,https://www.facebook.com/ioppscultura/,NULL,-31.53005000,-68.51990700,Localización precisa,INCAA / SInCA,Privado comercial,1,180,NULL,2018
70028010,70,70028,NULL,Salas de cine,San Juan,Capital,San Juan,UPCN - San Juan,Sarmiento 461 Sur,NULL,5400,264,4214611,adolfomallea@yahoo.com.ar,http://www.upcndigital.org/san-juan,NULL,-31.52639000,-68.53364400,Localización precisa,INCAA / SInCA,Privado independiente,1,298,si,2018
74056150,74,74056,NULL,Salas de cine,San Luis,La Capital,San Luis,Cinemacenter,J. A. Roca 260,NULL,5700,2664,441001,centerluis@cinemacenter.com.ar,http://www.cinemacenter.com.ar/,NULL,-33.30922400,-66.32764700,Localización precisa,INCAA / SInCA,Privado comercial,7,1951,NULL,2018
74035070,74,74035,NULL,Salas de cine,San Luis,General Pedernera,Villa Mercedes,Fénix,Pueyrredon 1651,NULL,5730,2657,425513,hm@cinesdigitales.com,http://www.cinesfenix.com,NULL,-33.66301900,-65.46434400,Localización precisa,INCAA / SInCA,Privado comercial,3,475,NULL,2018
78014060,78,78014,NULL,Salas de cine,Santa Cruz,Deseado,Las Heras,Osvaldo Jorge Bayer,13 De Diciembre Y Malvinas S/N,NULL,9017,297,4974923,centroculturallasheras@gmail.com,https://www.facebook.com/pg/centroculturallasheras/about/?ref=page_internal,NULL,-46.53858900,-68.94415300,Localización precisa,INCAA / SInCA,Privado comercial,1,196,NULL,2018
78042010,78,78042,NULL,Salas de cine,Santa Cruz,Magallanes,Puerto San Julian,Cine Teatro Talia,25 De Mayo 1188,NULL,9310,2962,415893,cineteatrotalia1930@gmail.com,https://www.facebook.com/pg/cineteatrotalia/about/?ref=page_internal,NULL,-49.31522700,-67.72210300,Localización precisa,INCAA / SInCA,Privado comercial,1,340,si,2018
78014010,78,78014,NULL,Salas de cine,Santa Cruz,Deseado,Caleta Olivia,Asociación Amigos Del Arte Mechenien,J. Newbery Esq. Deocarets S/N,Piso 1,9011,297,4851770,mechenien_asociacion@hotmail.com,https://www.mechenien.org.ar/,NULL,-46.43750600,-67.52675000,Localización precisa,INCAA / SInCA,Privado comercial,1,350,si,2018
86035090,86,86035,NULL,Salas de cine,Santiago del Estero,Banda,La Banda,Cinemacenter,Aut. Juan D. Peron S/N Parque Industrial,NULL,4200,385,4373184,cinessantiago@cinemacenter.com.ar,http://www.cinemacenter.com.ar/,NULL,-27.76248700,-64.24480400,Localización precisa,INCAA / SInCA,Privado comercial,3,822,NULL,2018
86035090,86,86035,NULL,Salas de cine,Santiago del Estero,Banda,La Banda,Cine Teatro Municipal Renzi,Av. Besares 151,NULL,4300,385,4279188,Alejandro_jozami@hotmail.com,https://www.facebook.com/CineRenzi/,NULL,-27.73175140,-64.24261230,Localización precisa,INCAA / SInCA,Público municipal,1,152,si,2018
86049110,86,86049,NULL,Salas de cine,Santiago del Estero,Capital,Santiago del Estero,Sunstar,Av. Rivadavia Y Ejercito Argentino,NULL,4200,385,4213666,gerente.santiago@cinesunstar.com,http://www.cinesunstar.com/,NULL,-27.78442000,-64.26728100,Localización precisa,INCAA / SInCA,Privado comercial,5,1585,NULL,2018
94007010,94,94007,NULL,Salas de cine,Tierra del Fuego,Rio Grande,Río Grande,El Cine,9 De Julio 838,NULL,9420,2964,422648,roviola@gmail.com,http://www.cinemas4riogrande.com.ar,NULL,-53.79008100,-67.69795900,Localización precisa,INCAA / SInCA,Privado comercial,2,584,NULL,2018
94014020,94,94014,NULL,Salas de cine,Tierra del Fuego,Ushuaia,Ushuaia,Sunstar,Av. Perito Moreno 1460,NULL,9410,2901,442702,gerente.ushuaia@cinesunstar.com,http://www.cinesunstar.com/,NULL,-54.79994270,-68.28011510,Localización precisa,INCAA / SInCA,Privado comercial,3,561,NULL,2018
94014020,94,94014,NULL,Salas de cine,Tierra del Fuego,Ushuaia,Ushuaia,Cine Teatro Pakewaia,Yaganes Y Gob Paz (Base Naval),NULL,9410,2901,424566,cine@gamaproducciones.com.ar,www.cinepackewaia.com.ar/,NULL,-54.80191200,-68.30295100,Localización precisa,INCAA / SInCA,Privado comercial,1,300,NULL,2018
90119030,90,90119,NULL,Salas de cine,Tucumán,Yerba Buena,Yerba Buena,Cines Del Solar,Av. Aconquija 1336,NULL,4107,381,4253050,cinesdelsolar@hotmail.com,http://solardelcerro.com,NULL,-26.81417900,-65.28893700,Localización precisa,INCAA / SInCA,Privado comercial,5,750,NULL,2018
90105080,90,90105,NULL,Salas de cine,Tucumán,Tafi Viejo,Tafí Viejo,Espacio Incaa Tafí Viejo C. Teatro Sociedad Española,Av. Alem 418,NULL,4103,381,6399995,ncapola@gmail.com,https://www.facebook.com/espacioincaatafiviejo/,NULL,-26.73042230,-65.25913160,Localización precisa,INCAA / SInCA,Privado independiente,1,830,si,2018
90119030,90,90119,NULL,Salas de cine,Tucumán,Yerba Buena,Yerba Buena,Sunstar,Av. Fermin Carriola 42,NULL,4107,381,4357463,gerente.tucuman@cinesunstar.com,http://www.cinesunstar.com/,NULL,-26.82097600,-65.26589400,Localización precisa,INCAA / SInCA,Privado comercial,6,1295,NULL,2018
90084010,90,90084,NULL,Salas de cine,Tucumán,Capital,San Miguel de Tucumán,Microcine Orión,Av. Mitre 817,NULL,4000,381,6374808,cineorion@hotmail.com,https://www.facebook.com/search/top/?q=MICROCINE%20ORION,NULL,-26.81721200,-65.21548100,Localización precisa,INCAA / SInCA,Público municipal,1,36,NULL,2018
90084010,90,90084,NULL,Salas de cine,Tucumán,Capital,San Miguel de Tucumán,Cinemacenter,Av. Nestor Kirchner(Ex Av. Roca) 3450,Piso 1,4000,381,4361405,cctucuman@cinemacenter.com.ar,http://www.cinemacenter.com.ar/,NULL,-26.83447000,-65.25229800,Localización precisa,INCAA / SInCA,Privado comercial,5,1051,NULL,2018
90084010,90,90084,NULL,Salas de cine,Tucumán,Capital,San Miguel de Tucumán,Atlas Cine,Monteagudo 250,NULL,4000,381,4220825,rabdenur@gmail.com,cineatlasweb.com.ar,NULL,-26.82851600,-65.19931200,Localización precisa,INCAA / SInCA,Privado comercial,3,797,NULL,2018
90084010,90,90084,NULL,Salas de cine,Tucumán,Capital,San Miguel de Tucumán,Espacio Incaa Sala Orestes Caviglia,San Martin 251,NULL,4000,381,4307678,mediosaudiovisuales.ect@arnetbiz.com.ar,https://enteculturaltucuman.gob.ar/#teatros,NULL,-26.83037030,-65.20070300,Localización precisa,INCAA / SInCA,Público provincial,1,183,si,2018
82063170,82,82063,NULL,Salas de cine,Santa Fe,La Capital,Santa Fe,Cine América,25 De Mayo 3075,NULL,3000,342,4190285,guillermoarch@hotmail.com,http://www.plateasantafe.com,NULL,-31.64052500,-60.70422000,Localización precisa,INCAA / SInCA,Privado comercial,1,380,NULL,2018
82042290,82,82042,NULL,Salas de cine,Santa Fe,General Lopez,Venado Tuerto,Cinema Casey,Av. Casey 790,Piso 1,2600,3462,400100,cinemacasey@hotmail.com,http://cinemacasey.com.ar,NULL,-33.74637100,-61.96812500,Localización precisa,INCAA / SInCA,Privado comercial,2,249,NULL,2018
82042220,82,82042,NULL,Salas de cine,Santa Fe,General Lopez,Rufino,Sala Hispano,Av. Cobo 185,Planta Alta,6100,3382,409088,espacioincaarufino@gmail.com,htpp:/www.espacios.incaa.gov.ar,NULL,-34.26309490,-62.71155166,Localización precisa,INCAA / SInCA,Público nacional,1,330,si,2018
82014050,82,82014,NULL,Salas de cine,Santa Fe,Caseros,Casilda,Cine Teatro Libertador,Buenos Aires 2441,NULL,2170,3464,422381,cinelibertador@arnetbiz.com.ar,http://www.cinelibertador.com.ar,NULL,-33.04624500,-61.16956800,Localización precisa,INCAA / SInCA,Privado comercial,1,1014,NULL,2018
82021310,82,82021,NULL,Salas de cine,Santa Fe,Castellanos,Rafaela,Cine Teatro Municipal Manuel Belgrano,Bv. Santa Fe 555,NULL,2300,3492,422114,cinebelgrano@wilnet.com.ar,http://www.rafaela.gob.ar/cine/,NULL,-31.25370760,-61.48564560,Localización precisa,INCAA / SInCA,Público municipal,1,1049,si,2018
82021340,82,82021,NULL,Salas de cine,Santa Fe,Castellanos,San Vicente,Brown Cinema,Cangallo 304,NULL,2447,3492,470396,brown@coopmail.com.ar,http://browncinema3d.com.ar/home.php,NULL,-31.69895200,-61.56719600,Localización precisa,INCAA / SInCA,Privado comercial,1,224,NULL,2018
82084270,82,82084,NULL,Salas de cine,Santa Fe,Rosario,Rosario,Microcine De La Cortada,Ctda Ricardone 1244,NULL,2000,341,4498408,microcinedelacortada@hotmail.com,https://www.facebook.com/pg/cinedelacortada.condicionado/about/?ref=page_internal,NULL,-32.94773000,-60.64028600,Localización precisa,INCAA / SInCA,Privado comercial,1,96,NULL,2018
82063170,82,82063,NULL,Salas de cine,Santa Fe,La Capital,Santa Fe,Cinemark,Dique 1 Puerto Santa Fe,NULL,3000,NULL,57771000,iventura@cinemark.com.ar,https://www.cinemarkhoyts.com.ar,NULL,-31.64885200,-60.70404000,Localización precisa,INCAA / SInCA,Privado comercial,7,1527,NULL,2018
82126140,82,82126,NULL,Salas de cine,Santa Fe,San Martin,San Jorge,Trigital Cines SRL,Eva Peron 1388,NULL,2451,3562,405750,NULL,http://www.lastipassanjorge.com.ar/,NULL,-31.89526200,-61.85950000,Localización precisa,INCAA / SInCA,Privado comercial,1,260,NULL,2018
82084270,82,82084,NULL,Salas de cine,Santa Fe,Rosario,Rosario,Village,Eva Peron 5856,NULL,2000,341,5161111,village.rosario@village.com.ar,https://www.villagecines.com/,NULL,-32.93305300,-60.71294900,Localización precisa,INCAA / SInCA,Privado comercial,13,3458,NULL,2018
82049180,82,82049,NULL,Salas de cine,Santa Fe,General Obligado,Reconquista,Cine Recite,Habegger 755,NULL,3560,3482,621973,cinerecite@gmail.com // viviandreaperalta@gmail.com,http://www.cinerecite.com.ar,NULL,-29.14859600,-59.64283900,Localización precisa,INCAA / SInCA,Privado comercial,1,156,NULL,2018
82084270,82,82084,NULL,Salas de cine,Santa Fe,Rosario,Rosario,Showcase,Junin 501,NULL,2000,341,4360600,naiarg@naiarg.com.ar,http://www.rosariocine.com.ar/horarios/cine/showcase,NULL,-32.92650300,-60.67080600,Localización precisa,INCAA / SInCA,Privado comercial,14,3391,NULL,2018
82084270,82,82084,NULL,Salas de cine,Santa Fe,Rosario,Rosario,Hoyts,Nansen 323,NULL,2000,NULL,57771000,rmazzutti@hoyts.com.ar,https://www.cinemarkhoyts.com.ar/,NULL,-32.90946100,-60.68308400,Localización precisa,INCAA / SInCA,Privado comercial,9,1911,NULL,2018
82084270,82,82084,NULL,Salas de cine,Santa Fe,Rosario,Rosario,Cines Del Centro,Rioja 1660,Planta Alta,2000,341,4815519,NULL,http://www.rosariocine.com.ar/horarios/cine/cines-del-centro,NULL,-32.94617700,-60.64632400,Localización precisa,INCAA / SInCA,Privado comercial,4,659,NULL,2018
82084270,82,82084,NULL,Salas de cine,Santa Fe,Rosario,Rosario,Monumental,San Martin 993,NULL,2000,NULL,NULL,ciamonumentalrosario@gmail.com,https://www.multiplex.com.ar/,NULL,-32.94899000,-60.63733800,Localización precisa,INCAA / SInCA,Privado comercial,9,1471,NULL,2018
82084270,82,82084,NULL,Salas de cine,Santa Fe,Rosario,Rosario,El Cairo,Santa Fe 1120,NULL,2000,341,4721851,carodesantis@hotmail.com,http://elcairocinepublico.gob.ar/,NULL,-32.95144000,-60.63943700,Localización precisa,INCAA / SInCA,Público provincial,1,442,NULL,2018
82084270,82,82084,NULL,Salas de cine,Santa Fe,Rosario,Rosario,Arteon,Sarmiento 778,Planta Alta,2000,341,4268841,arteon01@gmail.com,http://www.arteon.com.ar/#!/-cine/,NULL,-32.94618200,-60.63816600,Localización precisa,INCAA / SInCA,Privado comercial,1,186,si,2018
82084270,82,82084,NULL,Salas de cine,Santa Fe,Rosario,Rosario,Centro Cultural Cine Lumiere,Velez Sarfield 1029,NULL,2000,341,4804816,mdorigo@rosario.gov.ar,http://www.lumiererosario.gob.ar,NULL,-32.92499200,-60.67715600,Localización precisa,INCAA / SInCA,Público municipal,1,420,NULL,2018
50098100,50,50098,NULL,Salas de cine,Mendoza,San Martin,San Martín,Cine Cervantes San Martin,9 De Julio 187,NULL,5570,2634,432786,cebriancine@gmail.com,http://www.cinecervantes.com,NULL,-33.08092800,-68.47159600,Localización precisa,INCAA / SInCA,Privado comercial,1,328,NULL,2018
50007010,50,50007,NULL,Salas de cine,Mendoza,Capital,Mendoza,Microcine Municipal David Einsenchlas,9 De Julio 500,Subsuelo,5500,261,4495184,microcinemunicipal@gmail.com//elvuelocine@gmail.com,NULL,NULL,-32.89656300,-68.84248800,Localización precisa,INCAA / SInCA,Público municipal,1,115,NULL,2018
50007010,50,50007,NULL,Salas de cine,Mendoza,Capital,Mendoza,Village,Av. Acceso Este 3280 Lateral Norte,NULL,5521,261,4616161,village.mendoza@village.com.ar,https://www.villagecines.com/,NULL,-32.90203700,-68.79800300,Localización precisa,INCAA / SInCA,Privado comercial,10,2344,NULL,2018
50021010,50,50021,NULL,Salas de cine,Mendoza,Godoy Cruz,Godoy Cruz,Ctro Cultural Cine Plaza,Colon 27,NULL,5501,261,4133255,cineplaza@godoycruz.gov.ar,https://www.godoycruz.gob.ar/,NULL,-32.92485800,-68.84497500,Localización precisa,INCAA / SInCA,Público municipal,1,1000,NULL,2018
50070060,50,50070,NULL,Salas de cine,Mendoza,Maipu,Maipú,Village,Emilio Civit Y Maza,NULL,5515,261,4616161,village.maipu@village.com.ar,https://www.villagecines.com/,NULL,-32.97484300,-68.79617800,Localización precisa,INCAA / SInCA,Privado comercial,5,949,NULL,2018
50007010,50,50007,NULL,Salas de cine,Mendoza,Capital,Mendoza,Cinemacenter,Las Cañas 1833,NULL,5519,261,4598173,centermendoza@cinemacenter.com.ar,http://www.cinemacenter.com.ar/,NULL,-32.91257600,-68.82026200,Localización precisa,INCAA / SInCA,Privado comercial,6,1361,NULL,2018
50007010,50,50007,NULL,Salas de cine,Mendoza,Capital,Mendoza,Porky''S,Lavalle 32,Piso 1,5500,261,4288740,gabrielmontes67@hotmail.com,https://www.facebook.com/pg/CINE-XXX-Porkis-Mendoza-287672825017939/about/?ref=page_internal,NULL,-32.88851800,-68.83826400,Localización precisa,INCAA / SInCA,Privado comercial,1,70,NULL,2018
50084140,50,50084,NULL,Salas de cine,Mendoza,Rivadavia,Rivadavia,Centro Cultural Juan Centorbi,Lavalle 740,NULL,5577,2623,4442619,ggvalverde@hotmail.com,https://www.mendozaeventos.com/lugar/122/1/centro-cultural-municipal-juan-centorbi,NULL,-33.19337800,-68.46537000,Localización precisa,INCAA / SInCA,Público municipal,1,963,NULL,2018
50007010,50,50007,NULL,Salas de cine,Mendoza,Capital,Mendoza,Cine Universidad,Maza 240 Entre Mitre Y Av. España,NULL,5500,11,6259251,armandoluisgonzalez70@gmail.com,http://cine.uncuyo.edu.ar/,NULL,-32.88854700,-68.83739500,Localización precisa,INCAA / SInCA,Público nacional,2,350,NULL,2018
50070060,50,50070,NULL,Salas de cine,Mendoza,Maipu,Maipú,Cine Teatro Imperial,Pablo Pescara Y Peron,NULL,5515,261,4815634,cine_taller@hotmail.com,https://www.facebook.com/pg/Cineteatroimperial/about/?ref=page_internal,NULL,-32.98293032,-68.78722763,Localización precisa,INCAA / SInCA,Privado comercial,1,600,si,2018
50028020,50,50028,NULL,Salas de cine,Mendoza,Guaymallen,Guaymallen,Cine Teatro Armando Tejada Gómez,Pedro Molina 110,NULL,5519,261,4453515,cineteatrorecreo@yahoo.com.ar,https://www.facebook.com/cineteatrorecreo.guaymallen/photos/a.595121797331400/595121603998086/?type=1&theater,NULL,-32.87926150,-68.82681570,Localización precisa,INCAA / SInCA,Público municipal,1,250,si,2018
50077040,50,50077,NULL,Salas de cine,Mendoza,Malargue,Malargüe,Sala Maitén,Ruta 40 Norte Y Pje Orteguina,NULL,5613,2604,470027,cinemaiten@malargue.gov.ar,https://www.malargue.gov.ar/?cat=735,NULL,-35.48035000,-69.58467000,Localización precisa,INCAA / SInCA,Público municipal,1,160,NULL,2018
50021010,50,50021,NULL,Salas de cine,Mendoza,Godoy Cruz,Godoy Cruz,Cinemark,Ruta Panamericana 2650,NULL,5501,NULL,57771000,iventura@cinemark.com.ar,https://www.cinemarkhoyts.com.ar,NULL,-32.95253700,-68.85568400,Localización precisa,INCAA / SInCA,Privado comercial,10,1681,NULL,2018
50105210,50,50105,NULL,Salas de cine,Mendoza,San Rafael,San Rafael,Cine Amelix,San Martin 139,NULL,5600,2064,427171,cineamelix@gmail.com,https://www.facebook.com/CineAmelix/,NULL,-34.61461300,-68.32930500,Localización precisa,INCAA / SInCA,Privado comercial,2,359,NULL,2018
14140030,14,14140,NULL,Salas de cine,Córdoba,San Justo,Arroyito,Cinema 2000,Belgrano Esq. Rafael Nuñez,NULL,2434,3576,422515,marcelatorressi@cescom.net.ar,https://www.facebook.com/pg/Cinema.2000.Arroyito.3D/about/?ref=page_internal,NULL,-31.41540900,-63.05054100,Localización precisa,INCAA / SInCA,Privado comercial,1,207,NULL,2018
14182080,14,14182,NULL,Salas de cine,Córdoba,Union,Canals,Guillermo J. Nolter,Moreno Y Sarmiento,NULL,2650,3463,420041,coopcanals@canalsnet.com.ar,https://www.cinecoop3d.com/elcine.php,NULL,-33.56197400,-62.88159200,Localización precisa,INCAA / SInCA,Privado comercial,1,200,NULL,2018
14091040,14,14091,NULL,Salas de cine,Córdoba,Punilla,Capilla del Monte,Enrique Muiño,Sarmiento 318,NULL,5184,3548,481026,cultura@capilladelmonte.gov.ar,https://www.facebook.com/pages/Cine-Enrique-Mui%C3%B1o-Capilla-Del-Monte/314551692070477,NULL,-30.85635000,-64.52587500,Localización precisa,INCAA / SInCA,Privado comercial,1,413,NULL,2018
14014010,14,14014,NULL,Salas de cine,Córdoba,Capital,Córdoba,Cine Arte Córdoba,27 De Abril 275,NULL,5000,351,421214,danhid12@hotmail.com,https://www.facebook.com/Cine-Arte-Cordoba-1386051238374665/,NULL,-31.41591800,-64.18850700,Localización precisa,INCAA / SInCA,Privado comercial,1,210,NULL,2018
14014010,14,14014,NULL,Salas de cine,Córdoba,Capital,Córdoba,Cinerama,Av. Colon 345,NULL,5000,351,4210221,albertomo@arnet.com.ar,https://www.cinerama.com.ar/,NULL,-31.41215000,-64.18797000,Localización precisa,INCAA / SInCA,Privado comercial,4,755,NULL,2018
14014010,14,14014,NULL,Salas de cine,Córdoba,Capital,Córdoba,Dinosaurio Mall,Av. Fuerza Aerea 1700,NULL,5009,351,5261500,cluduena@grupodinosaurio.com,https://www.cinesdinomall.com.ar/Inicio,NULL,-31.43036700,-64.21375500,Localización precisa,INCAA / SInCA,Privado comercial,7,1385,NULL,2018
14014010,14,14014,NULL,Salas de cine,Córdoba,Capital,Córdoba,Gran Rex,Av. Gral. Paz 174,piso 1,5000,351,248709,granrex@yahoo.com.ar,http://cinesgranrex.com.ar/,NULL,-31.41346700,-64.18551700,Localización precisa,INCAA / SInCA,Privado comercial,6,827,NULL,2018
14014010,14,14014,NULL,Salas de cine,Córdoba,Capital,Córdoba,Hoyts,Av. Velez Sarsfield 361,NULL,5000,NULL,57771000,rmazzutti@hoyts.com.ar,https://www.cinemarkhoyts.com.ar/,NULL,-31.41946300,-64.18881300,Localización precisa,INCAA / SInCA,Privado comercial,8,986,NULL,2018
14014010,14,14014,NULL,Salas de cine,Córdoba,Capital,Córdoba,Hoyts,Duarte Quiros 1400,NULL,5000,351,4803737,rmazzutti@hoyts.com.ar,https://www.cinemarkhoyts.com.ar/,NULL,-31.41321800,-64.20438400,Localización precisa,INCAA / SInCA,Privado comercial,6,960,NULL,2018
14014010,14,14014,NULL,Salas de cine,Córdoba,Capital,Córdoba,Showcase,J.A. Goyechea 2851,NULL,5009,351,4880499,canigia@naiarg.com.ar,https://www.todoshowcase.com/,NULL,-31.37983000,-64.21423800,Localización precisa,INCAA / SInCA,Privado comercial,12,2386,NULL,2018
14014010,14,14014,NULL,Salas de cine,Córdoba,Capital,Córdoba,Tao Sex,Rivadavia 219,NULL,5000,351,4232865,lucramireznur@hotmail.com,https://www.facebook.com/pg/taosex.cordoba/about/?ref=page_internal,NULL,-31.41379100,-64.18186900,Localización precisa,INCAA / SInCA,Privado comercial,1,23,NULL,2018
14014010,14,14014,NULL,Salas de cine,Córdoba,Capital,Córdoba,Gran Rex,Rivera Indarte 139,piso 1,5000,351,4248709,granrexcba@yahoo.com.ar,http://cinesgranrex.com.ar/,NULL,-31.41390700,-64.18491200,Localización precisa,INCAA / SInCA,Privado comercial,2,374,NULL,2018
14014010,14,14014,NULL,Salas de cine,Córdoba,Capital,Córdoba,Dinosaurio Mall,Rodriguez Del Busto 4086,NULL,5009,351,5261500,cluduena@grupodinosaurio.com,https://www.cinesdinomall.com.ar/Inicio,NULL,-31.37433100,-64.22254300,Localización precisa,INCAA / SInCA,Privado comercial,7,1193,NULL,2018
14014010,14,14014,NULL,Salas de cine,Córdoba,Capital,Córdoba,Vip´S Cinema,Santa Rosa 212,NULL,5000,351,4265280,batty256@hotmail.com,http://usandbath.com/cine-vips-cinema-de-cordoba/,NULL,-31.41169600,-64.18571100,Localización precisa,INCAA / SInCA,Privado comercial,1,44,NULL,2018
14028050,14,14028,NULL,Salas de cine,Córdoba,Cruz del Eje,Cruz del Eje,Aida,Thomas Edison 2126,NULL,5280,3549,423530,mhr57@hotmail.com,https://www.facebook.com/CineTeatroAidaCruzDelEje/photos/a.1650682478478134/2094015514144826/?type=1&theater,NULL,-30.72112300,-64.80989800,Localización precisa,INCAA / SInCA,Privado comercial,1,444,NULL,2018
14021140,14,14021,NULL,Salas de cine,Córdoba,Colon,Jesus María,Las Tipas Boulevard,Ruta Nacional 9 Esq. Corrientes,NULL,5220,3525,428300,admin@lastipasboulevard.com.ar,http://www.cinesmolise.com.ar/,NULL,-30.97711700,-64.08461000,Localización precisa,INCAA / SInCA,Privado comercial,3,623,NULL,2018
14140300,14,14140,NULL,Salas de cine,Córdoba,San Justo,Morteros,Las Tipas Boulevard,Bv. Illia 232,NULL,2421,3562,405750,admin@lastipasboulevard.com.ar,http://www.lastipasboulevard.com.ar/,NULL,-30.70991300,-62.00429200,Localización precisa,INCAA / SInCA,Privado comercial,2,300,NULL,2018
14161150,14,14161,NULL,Salas de cine,Córdoba,Tercero Arriba,Río Tercero,Cinema Strike,Velez Sarfield 143,NULL,5850,3571,414444,analia.cruchiani@hotmail.com,http://cinemastrike.com.ar/,NULL,-32.17361600,-64.11229300,Localización precisa,INCAA / SInCA,Privado comercial,2,400,NULL,2018
14140360,14,14140,NULL,Salas de cine,Córdoba,San Justo,San Francisco,Digital Tresd,Iturraspe 1448,NULL,2400,3564,424403,nuevocineradar@gmail.com,http://www.nuevocineradar.com.ar/,NULL,-31.42904800,-62.08211800,Localización precisa,INCAA / SInCA,Privado comercial,3,620,NULL,2018
14021280,14,14021,NULL,Salas de cine,Córdoba,Colon,Unquillo,Espacio Incaa Unquillo,San Martin 1505,NULL,5109,3543,487307,espacioincaaunquillo@gmail.com,http://www.unquillo.gov.ar/webGF/index.html,NULL,-31.23760370,-64.31209550,Localización precisa,INCAA / SInCA,Público municipal,1,220,si,2018
14098290,14,14098,NULL,Salas de cine,Córdoba,Rio Cuarto,Vicuña Mackenna,Sala C.E.Y.A.L,Av. Carlos S. Y De 1056,NULL,6140,385,480000,ceyalcoop@ceyalcoop.com.ar,http://www.ceyalcoop.com.ar/2018/09/11/985/,NULL,-33.92201000,-64.39167900,Localización precisa,INCAA / SInCA,Privado comercial,1,850,NULL,2018
14021290,14,14021,NULL,Salas de cine,Córdoba,Colon,Villa Allende,Showcase,Rio De Janeiro 1725,NULL,5105,3543,438314,galonso@naiarg.com.ar,https://www.todoshowcase.com/,NULL,-31.29374000,-64.29076600,Localización precisa,INCAA / SInCA,Privado comercial,3,563,NULL,2018
14091250,14,14091,NULL,Salas de cine,Córdoba,Punilla,Villa Carlos Paz,Holly Paz,9 De Julio 53,NULL,5152,3541,435924,charlymagnano@hotmail.com,https://www.holidaycinemas.com.ar/,NULL,-31.42071000,-64.49995900,Localización precisa,INCAA / SInCA,Privado comercial,4,1000,NULL,2018
14119210,14,14119,NULL,Salas de cine,Córdoba,Rio Segundo,Villa del Rosario,Cine General Paz,Sarmiento 731,NULL,5963,3573,456011,iambrogio@hotmail.com,https://m.facebook.com/dfinelli.d.finelli?fref=ts,NULL,-31.55389100,-63.53414000,Localización precisa,INCAA / SInCA,Privado comercial,1,412,NULL,2018
14133200,14,14133,NULL,Salas de cine,Córdoba,San Javier,Villa Dolores,Eter Cine,Felipe Erdman 145,NULL,5870,3544,610095,efernandez486@yahoo.com.ar,http://www.etercine3d.com.ar/,NULL,-31.94443700,-65.19210800,Localización precisa,INCAA / SInCA,Privado comercial,2,400,NULL,2018
14042170,14,14042,NULL,Salas de cine,Córdoba,General San Martin,Villa María,Centro Cultural Leonardo Favio,Av. Sabattini 200,NULL,5900,11,4061440,espacioincaa555@hotmail.com,http://www.villamaria.gob.ar,NULL,-32.41081500,-63.24816900,Localización precisa,INCAA / SInCA,Público municipal,1,200,si,2018
14042170,14,14042,NULL,Salas de cine,Córdoba,General San Martin,Villa María,Sudcinemas,''Ruta Nacional 158 Km 155 5'',NULL,5900,3534,4522337,sudcinemas@arnetbiz.com.ar,http://sudcinemas.com.ar/cine-wp/,NULL,-32.41003000,-63.26229400,Localización precisa,INCAA / SInCA,Privado comercial,4,800,NULL,2018
02000010,02,02000,NULL,Salas de cine,Ciudad Autónoma de Buenos Aires,Ciudad Autonoma de Buenos Aires,Ciudad Autónoma de Buenos Aires,Cinemark,Av. Alicia M De Justo 1920,NULL,1107,NULL,57771000,iventura@cinemark.com.ar,https://www.cinemarkhoyts.com.ar,NULL,-34.62218600,-58.36528800,Localización precisa,INCAA / SInCA,Privado comercial,8,1379,NULL,2018
02000010,02,02000,NULL,Salas de cine,Ciudad Autónoma de Buenos Aires,Ciudad Autonoma de Buenos Aires,Ciudad Autónoma de Buenos Aires,Cinema,Av. Cabildo 2702,NULL,1428,NULL,47890232,fharari@hotmail.com.ar,http://www.cinemacity.com.ar/,NULL,-34.55688600,-58.46125900,Localización precisa,INCAA / SInCA,Privado comercial,6,1576,NULL,2018
02000010,02,02000,NULL,Salas de cine,Ciudad Autónoma de Buenos Aires,Ciudad Autonoma de Buenos Aires,Ciudad Autónoma de Buenos Aires,Multiplex,Av. Cabildo 2829,NULL,1428,NULL,47816500,viourno@cinesmultiplex.com.ar.,https://www.multiplex.com.ar/,NULL,-34.55597000,-58.46170500,Localización precisa,INCAA / SInCA,Privado comercial,5,792,NULL,2018
02000010,02,02000,NULL,Salas de cine,Ciudad Autónoma de Buenos Aires,Ciudad Autonoma de Buenos Aires,Ciudad Autónoma de Buenos Aires,Alianza Francesa,Av. Cordoba 946,NULL,1054,NULL,43220068,francisco.armendariz@alianzafrancesa.org.ar,https://www.alianzafrancesa.org.ar/cultura/cine,NULL,-34.59901700,-58.38040300,Localización precisa,INCAA / SInCA,Privado independiente,1,178,NULL,2018
02000010,02,02000,NULL,Salas de cine,Ciudad Autónoma de Buenos Aires,Ciudad Autonoma de Buenos Aires,Ciudad Autónoma de Buenos Aires,Bama Cine,Av. Corrientes 1145,NULL,1145,11,44136283,guillermo@bamacine.com,http://www.bamacine.com/,NULL,-34.60332600,-58.38274500,Localización precisa,INCAA / SInCA,Privado comercial,3,343,NULL,2018
02000010,02,02000,NULL,Salas de cine,Ciudad Autónoma de Buenos Aires,Ciudad Autonoma de Buenos Aires,Ciudad Autónoma de Buenos Aires,Cine Lorca,Av. Corrientes 1428,NULL,1042,NULL,43715017,lorcacine@gmail.com,http://cinelorca.wixsite.com/cine-lorca,NULL,-34.60409100,-58.38682000,Localización precisa,INCAA / SInCA,Privado comercial,2,452,NULL,2018
02000010,02,02000,NULL,Salas de cine,Ciudad Autónoma de Buenos Aires,Ciudad Autonoma de Buenos Aires,Ciudad Autónoma de Buenos Aires,Sala Leopoldo Lugones,Av. Corrientes 1530,NULL,1042,NULL,43710111,acardoso@complejoteatral.gob.ar,https://complejoteatral.gob.ar/cine,NULL,-34.60425800,-58.38839200,Localización precisa,INCAA / SInCA,Público municipal,1,212,NULL,2018
02000010,02,02000,NULL,Salas de cine,Ciudad Autónoma de Buenos Aires,Ciudad Autonoma de Buenos Aires,Ciudad Autónoma de Buenos Aires,Sala Raúl González Tuñón,Av. Corrientes 1543,NULL,1042,NULL,50778000,directorartistico@entrocultural.coop,http://www.centrocultural.coop/,NULL,-34.60405100,-58.38853600,Localización precisa,INCAA / SInCA,Privado independiente,1,94,NULL,2018
02000010,02,02000,NULL,Salas de cine,Ciudad Autónoma de Buenos Aires,Ciudad Autonoma de Buenos Aires,Ciudad Autónoma de Buenos Aires,Cine Cosmos,Av. Corrientes 2046,NULL,1045,NULL,49535405,gabriel.guralnik@gmail.com,https://www.facebook.com/pg/cinecosmos.uba/about/?ref=page_internal,NULL,-34.60462900,-58.39619800,Localización precisa,INCAA / SInCA,Público nacional,2,190,NULL,2018
02000010,02,02000,NULL,Salas de cine,Ciudad Autónoma de Buenos Aires,Ciudad Autonoma de Buenos Aires,Ciudad Autónoma de Buenos Aires,Hoyts,Av. Corrientes 3247,NULL,1193,NULL,57771000,rmazzutti@hoyts.com.ar,https://www.cinemarkhoyts.com.ar/,NULL,-34.60348500,-58.41085300,Localización precisa,INCAA / SInCA,Privado comercial,12,3021,NULL,2018
02000010,02,02000,NULL,Salas de cine,Ciudad Autónoma de Buenos Aires,Ciudad Autonoma de Buenos Aires,Ciudad Autónoma de Buenos Aires,Malba,Av. Figuero Alcorta 3415,Planta Baja,1425,11,48086500,recepcion@malba.org.ar,http://www.malba.org.ar/eventoNULLe/actividades-cine-programacion/,NULL,-34.57727300,-58.40374700,Localización precisa,INCAA / SInCA,Privado comercial,1,224,NULL,2018
02000010,02,02000,NULL,Salas de cine,Ciudad Autónoma de Buenos Aires,Ciudad Autonoma de Buenos Aires,Ciudad Autónoma de Buenos Aires,Cinemark,Av. La Plata 96,NULL,1184,NULL,57771000,iventura@cinemark.com.ar,https://www.cinemarkhoyts.com.ar,NULL,-34.61612800,-58.42899900,Localización precisa,INCAA / SInCA,Privado comercial,6,898,NULL,2018
02000010,02,02000,NULL,Salas de cine,Ciudad Autónoma de Buenos Aires,Ciudad Autonoma de Buenos Aires,Ciudad Autónoma de Buenos Aires,Gaumont CineAR,Av. Rivadavia 1635,NULL,1033,NULL,43815754,guadalupe.veiga@incaa.gov.ar,http://www.incaa.gov.ar/sin-categoria/cartelera-cine-gaumont,NULL,-34.60898000,-58.38964000,Localización precisa,INCAA / SInCA,Público nacional,3,1167,si,2018
02000010,02,02000,NULL,Salas de cine,Ciudad Autónoma de Buenos Aires,Ciudad Autonoma de Buenos Aires,Ciudad Autónoma de Buenos Aires,Village,Av. Rivadavia 5071,NULL,1424,NULL,51686868,village.caballito@village.com.ar,https://www.villagecines.com/,NULL,-34.61858100,-58.43736700,Localización precisa,INCAA / SInCA,Privado comercial,9,1769,NULL,2018
02000010,02,02000,NULL,Salas de cine,Ciudad Autónoma de Buenos Aires,Ciudad Autonoma de Buenos Aires,Ciudad Autónoma de Buenos Aires,Cinemark,Beruti 3399,NULL,1425,NULL,57771000,iventura@cinemark.com.ar,https://www.cinemarkhoyts.com.ar,NULL,-34.58656500,-58.41042100,Localización precisa,INCAA / SInCA,Privado comercial,10,1738,NULL,2018
02000010,02,02000,NULL,Salas de cine,Ciudad Autónoma de Buenos Aires,Ciudad Autonoma de Buenos Aires,Ciudad Autónoma de Buenos Aires,Microcine Centro Cultural Recoleta,Junin 1930,NULL,1113,NULL,48031040,evitamaggi@buenosaires.gob.ar,http://www.centroculturalrecoleta.org/,NULL,-34.58675300,-58.39167200,Localización precisa,INCAA / SInCA,Público municipal,1,100,NULL,2018
02000010,02,02000,NULL,Salas de cine,Ciudad Autónoma de Buenos Aires,Ciudad Autonoma de Buenos Aires,Ciudad Autónoma de Buenos Aires,Sisco Box,Laprida 1423,NULL,1425,11,41430660,natipereiradarre@gmail.com,NULL,NULL,-34.59243500,-58.40584700,Localización precisa,INCAA / SInCA,Privado comercial,2,40,NULL,2018
02000010,02,02000,NULL,Salas de cine,Ciudad Autónoma de Buenos Aires,Ciudad Autonoma de Buenos Aires,Ciudad Autónoma de Buenos Aires,Multiplex Lavalle,Lavalle 780,NULL,1047,NULL,43261596,asomma@cinesmultiplex.com.ar,https://www.multiplex.com.ar/,NULL,-34.60235800,-58.37780100,Localización precisa,INCAA / SInCA,Privado comercial,7,1270,NULL,2018
02000010,02,02000,NULL,Salas de cine,Ciudad Autónoma de Buenos Aires,Ciudad Autonoma de Buenos Aires,Ciudad Autónoma de Buenos Aires,Showcase,Monroe 1655,NULL,1428,NULL,47883322,rfarias@naiarg.com.ar,https://www.todoshowcase.com/,NULL,-34.55387800,-58.45286800,Localización precisa,INCAA / SInCA,Privado comercial,10,2082,NULL,2018
02000010,02,02000,NULL,Salas de cine,Ciudad Autónoma de Buenos Aires,Ciudad Autonoma de Buenos Aires,Ciudad Autónoma de Buenos Aires,Cinema Del Parque,Nazarre 3135,NULL,1417,NULL,45030200,ibuttironi@cpmcines.com,https://cpmcines.com/home,NULL,-34.60174900,-58.49486600,Localización precisa,INCAA / SInCA,Privado comercial,2,277,NULL,2018
02000010,02,02000,NULL,Salas de cine,Ciudad Autónoma de Buenos Aires,Ciudad Autonoma de Buenos Aires,Ciudad Autónoma de Buenos Aires,A.M.I.A.,Pasteur 633,NULL,1028,NULL,49598800,amia@amia.org.ar,https://cultura.amia.org.ar,NULL,-34.60185700,-58.39975700,Localización precisa,INCAA / SInCA,Privado comunitario ,1,237,NULL,2018
02000010,02,02000,NULL,Salas de cine,Ciudad Autónoma de Buenos Aires,Ciudad Autonoma de Buenos Aires,Ciudad Autónoma de Buenos Aires,Atlas Cine,Rivera Indarte 44,NULL,1406,NULL,43135050,info@atlascines.com.ar,cineatlasweb.com.ar,NULL,-34.62936800,-58.46252300,Localización precisa,INCAA / SInCA,Privado comercial,5,1263,si,2018
02000010,02,02000,NULL,Salas de cine,Ciudad Autónoma de Buenos Aires,Ciudad Autonoma de Buenos Aires,Ciudad Autónoma de Buenos Aires,Edén,Santa Fe 1825,NULL,1123,NULL,43283150,jse13310@gmail.com,NULL,NULL,-34.59583200,-58.39365500,Localización precisa,INCAA / SInCA,Privado comercial,1,30,NULL,2018
02000010,02,02000,NULL,Salas de cine,Ciudad Autónoma de Buenos Aires,Ciudad Autonoma de Buenos Aires,Ciudad Autónoma de Buenos Aires,Cine Ideal Solo Adultos,Suipacha 378,NULL,1008,NULL,43263300,NULL,NULL,NULL,-34.60382200,-58.37951000,Localización precisa,INCAA / SInCA,Privado comercial,5,770,NULL,2018
02000010,02,02000,NULL,Salas de cine,Ciudad Autónoma de Buenos Aires,Ciudad Autonoma de Buenos Aires,Ciudad Autónoma de Buenos Aires,Village,Vicente Lopez 2050,NULL,1128,NULL,51280828,village.recoleta@village.com.ar,https://www.villagecines.com/,NULL,-34.58922000,-58.39297600,Localización precisa,INCAA / SInCA,Privado comercial,10,1776,NULL,2018
02000010,02,02000,NULL,Salas de cine,Ciudad Autónoma de Buenos Aires,Ciudad Autonoma de Buenos Aires,Ciudad Autónoma de Buenos Aires,Multiplex,Vuelta De Obligado 2199,NULL,1428,NULL,47818187,gfeldman@cinesmultiplex.com,https://www.multiplex.com.ar/,NULL,-34.56050300,-58.45649900,Localización precisa,INCAA / SInCA,Privado comercial,8,2314,NULL,2018
06826050,06,06826,NULL,Salas de cine,Buenos Aires,Trenque Lauquen,Trenque Lauquen,Espacio Incaa Cine Barrio Alegre,9 De Julio 133,Planta Baja,6400,2392,432001,clubbarrioalegre@cetl.com.ar,https://www.facebook.com/cinebarrio3d/,NULL,-35.97225200,-62.73485000,Localización precisa,INCAA / SInCA,Privado comercial,1,1200,si,2018
06483040,06,06483,NULL,Salas de cine,Buenos Aires,Lobos,Lobos,Cine Teatro Italiano,9 De Julio 142,NULL,7240,2227,431228,cultural@lobos.gov.ar,https://www.facebook.com/teatrocineitaliano/,NULL,-35.18483260,-59.09585510,Localización precisa,INCAA / SInCA,Público municipal,1,350,SI,2018
06568010,06,06568,NULL,Salas de cine,Buenos Aires,Moron,Morón,T. Municipalidad G. De La Ferrere,Alte. Brown 990,NULL,1708,NULL,44831412,teatrolaferreremoron@gmail.com,http://www.moron.gob.ar/nuestra-gestion/cultura/accion-cultural/#,NULL,-34.65118800,-58.62193100,Localización precisa,INCAA / SInCA,Público municipal,1,133,si,2018
06581040,06,06581,NULL,Salas de cine,Buenos Aires,Necochea,Necochea,Cine Teatro París,Av. 59 2868,NULL,7630,2262,647459,info@cineteatroparis.com,https://www.facebook.com/cineteatroparis.necochea/,NULL,-38.55228500,-58.74212500,Localización precisa,INCAA / SInCA,Privado comercial,1,915,si,2018
06798020,06,06798,NULL,Salas de cine,Buenos Aires,Tapalque,Tapalque,Espacio Incaa Centro Cultural Municipal Dr. Ricardo Romera,Av. 9 De Julio Y Av. San Martin,NULL,7303,2283,420248,adolfolivio@hotmail.com,http://www.municipiodetapalque.gob.ar/?tag=centro-cultural-dr-ricardo-romera,NULL,-36.35693900,-60.02521200,Localización precisa,INCAA / SInCA,Público municipal,1,264,si,2018
06210020,06,06210,NULL,Salas de cine,Buenos Aires,Chacabuco,Chacabuco,Teatro Italiano Espacio INCAA,Av. Alsina 29,NULL,6740,2352,428776,celiae06@hotmail.com,https://www.facebook.com/Teatro-Italiano-Galer%C3%ADa-de-Arte-434088023281257/,NULL,-34.64301860,-60.47003740,Localización precisa,INCAA / SInCA,Público municipal,1,289,SI,2018
06658010,06,06658,NULL,Salas de cine,Buenos Aires,Quilmes,Quilmes,Hoyts,Av. Calchaqui 3950,NULL,1879,NULL,57771000,rmazzutti@hoyts.com.ar,https://www.cinemarkhoyts.com.ar/,NULL,-34.75970300,-58.27879400,Localización precisa,INCAA / SInCA,Privado comercial,12,2580,NULL,2018
06224010,06,06224,NULL,Salas de cine,Buenos Aires,Chivilcoy,Chivilcoy,Metropol,Av. Ceballos 29,NULL,6620,2346,422555,lagandolfo@yahoo.com.ar,https://www.facebook.com/CineMetropolChivilcoy/,NULL,-34.89584400,-60.02049300,Localización precisa,INCAA / SInCA,Privado comercial,1,500,NULL,2018
06805010,06,06805,NULL,Salas de cine,Buenos Aires,Tigre,Rincón de Milberg,Nordel Cinema,Av. De Los Lagos 7010,NULL,1617,NULL,48710193,NULL,http://www.nordeltacc.com.ar/,NULL,-34.39934000,-58.65379700,Localización precisa,INCAA / SInCA,Privado comercial,5,969,NULL,2018
06490010,06,06490,NULL,Salas de cine,Buenos Aires,Lomas de Zamora,Temperley,Hoyts,Av. Hipolito Irigoyen 10699,NULL,1834,NULL,57771000,rmazzutti@hoyts.com.ar,https://www.cinemarkhoyts.com.ar/,NULL,-34.78169200,-58.40667500,Localización precisa,INCAA / SInCA,Privado comercial,9,2382,NULL,2018
06515010,06,06515,NULL,Salas de cine,Buenos Aires,Malvinas Argentinas,Los Polvorines,Cinemark,Av. Illia 3770,NULL,1613,NULL,57771000,iventura@cinemark.com.ar,https://www.cinemarkhoyts.com.ar,NULL,-34.53069700,-58.70311300,Localización precisa,INCAA / SInCA,Privado comercial,10,2414,NULL,2018
06427010,06,06427,NULL,Salas de cine,Buenos Aires,La Matanza,San Justo,Cinemark,Av. Juan Manuel De Rosas 3990,NULL,1754,NULL,57771000,iventura@cinemark.com.ar,https://www.cinemarkhoyts.com.ar,NULL,-34.68511600,-58.55825500,Localización precisa,INCAA / SInCA,Privado comercial,6,1843,NULL,2018
06840010,06,06840,NULL,Salas de cine,Buenos Aires,Tres de Febrero,Ciudadela,Nuevo Ciudadela,Av. Maipu 3927,NULL,1702,NULL,46535914,nuevociudadela@yahoo.com.ar,NULL,NULL,-34.63977200,-58.54124000,Localización precisa,INCAA / SInCA,Privado comercial,2,350,NULL,2018
06469080,06,06469,NULL,Salas de cine,Buenos Aires,Lincoln,Lincoln,Cine Club Jorge Newbery,Av. Massey 839,NULL,6070,2355,421928,clubjnewbery@gmail.com,https://www.facebook.com/clubjorgenewberylincoln/,NULL,-34.86604200,-61.52790700,Localización precisa,INCAA / SInCA,Privado comercial,1,483,NULL,2018
06623100,06,06623,NULL,Salas de cine,Buenos Aires,Pergamino,Pergamino,Cinema,Av. Mayo Y San Nicolas,Piso 1,2700,2477,443932,cinemapergamino@bbt11.com.ar,http://vamosacinema.com/,NULL,-33.89284000,-60.57232700,Localización precisa,INCAA / SInCA,Privado comercial,2,556,NULL,2018
06420030,06,06420,NULL,Salas de cine,Buenos Aires,La Costa,San Clemente,Gran Tuyu,Av. San Martin 181,NULL,7105,225,2521025,cinesdelacosta@yahoo.com.ar,https://www.facebook.com/cine.tuyu/,NULL,-36.35686300,-56.72189200,Localización precisa,INCAA / SInCA,Privado comercial,1,450,NULL,2018
06274010,06,06274,NULL,Salas de cine,Buenos Aires,Florencio Varela,Florencio Varela,Cinemacenter,Av. San Martin 554 Y Av. Del Trabajo,NULL,1888,NULL,42370445,centervarela@cinemacenter.com.ar,http://www.cinemacenter.com.ar/,NULL,-34.77971400,-58.27941700,Localización precisa,INCAA / SInCA,Privado comercial,6,1327,NULL,2018
06056010,06,06056,NULL,Salas de cine,Buenos Aires,Bahia Blanca,Bahía Blanca,Cinemacenter,Av. Sarmiento 2153,NULL,8000,291,4535844,centerbahia@cinemacenter.com.ar,http://www.cinemacenter.com.ar/,NULL,-38.69877700,-62.24404300,Localización precisa,INCAA / SInCA,Privado comercial,7,1501,NULL,2018
06644010,06,06644,NULL,Salas de cine,Buenos Aires,Pinamar,Pinamar,Oasis,Av. Shaw 644,NULL,7167,225,4497333,exhibidoraatlantica@yahoo.com.ar,http://www.cineoasis.com.ar/,NULL,-38.72210300,-62.26150700,Localización precisa,INCAA / SInCA,Privado comercial,2,744,NULL,2018
06224010,06,06224,NULL,Salas de cine,Buenos Aires,Chivilcoy,Chivilcoy,Cine Español Chivilcoy,Av. Suarez 86,NULL,6620,2346,427272,laganadolfo@yahoo.com.ar,https://www.facebook.com/cinechivilcoy/,NULL,-34.90193000,-60.01545600,Localización precisa,INCAA / SInCA,Privado comercial,1,500,NULL,2018
06560010,06,06560,NULL,Salas de cine,Buenos Aires,Moreno,Moreno,Hoyts,Av. Victorica 1128,NULL,1744,NULL,57771000,rmazzutti@hoyts.com.ar,https://www.cinemarkhoyts.com.ar/,NULL,-34.63564700,-58.79196800,Localización precisa,INCAA / SInCA,Privado comercial,10,2476,NULL,2018
06112010,06,06112,NULL,Salas de cine,Buenos Aires,Bragado,Bragado,Espacio Incaa Florencio Constantino,Belgrano 1260,NULL,6640,2342,422060,culturabragado@gmail.com,NULL,NULL,-35.11502000,-60.48939100,Localización precisa,INCAA / SInCA,Público municipal,1,750,SI,2018
06056010,06,06056,NULL,Salas de cine,Buenos Aires,Bahia Blanca,Bahía Blanca,Amodeo Visión,Belgrano 153,NULL,8000,291,4547639,NULL,NULL,NULL,-38.71814900,-62.26212200,Localización precisa,INCAA / SInCA,Privado comercial,3,907,NULL,2018
06357110,06,06357,NULL,Salas de cine,Buenos Aires,General Pueyrredon,Mar del Plata,Pigalle,Belgrano 2327,NULL,7600,223,490306,danielmazzitello@hotmail.com,NULL,NULL,-38.00241600,-57.54538600,Localización precisa,INCAA / SInCA,Privado comercial,2,120,NULL,2018
06770050,06,06770,NULL,Salas de cine,Buenos Aires,San Pedro,San Pedro,Cine Teatro La Palma,Belgrano 961,NULL,2930,3329,427251,cineteatrolapalma@gmail.com,https://www.facebook.com/MEC.LaPalma/,NULL,-33.67882600,-59.66801100,Localización precisa,INCAA / SInCA,Privado comercial,2,471,NULL,2018
06357110,06,06357,NULL,Salas de cine,Buenos Aires,General Pueyrredon,Mar del Plata,Lisieux Diagonal,Belgrano Y Diag. Pueyrredon 3058,NULL,7600,223,4999200,recepcion666@cinemacenter. com.ar,http://dixain.wixsite.com/paseodiagonal/cines,NULL,-37.99894000,-57.55226200,Localización precisa,INCAA / SInCA,Privado comercial,4,687,NULL,2018
06756010,06,06756,NULL,Salas de cine,Buenos Aires,San Isidro,Boulogne,Cinemark Soleil,Bernardo De Yrigoyen 2647,NULL,1609,NULL,57771000,iventura@cinemark.com.ar,https://www.cinemarkhoyts.com.ar,NULL,-34.49098200,-58.58856000,Localización precisa,INCAA / SInCA,Privado comercial,6,1895,NULL,2018
06049020,06,06049,NULL,Salas de cine,Buenos Aires,Azul,Azul,Flix Cinema,Bolivar 416,NULL,7300,2281,432580,flixcinema@hotmail.com,http://azul.flixcinema.com.ar/,NULL,-36.77836000,-59.86478300,Localización precisa,INCAA / SInCA,Privado comercial,1,160,NULL,2018
06861010,06,06861,NULL,Salas de cine,Buenos Aires,Vicente Lopez,Vicente López,Zona Cine Coto Olivos,Borges 309 Y Espora 3030,NULL,1638,11,47113478,maciro@coto.com.ar,https://www.zonacines.com.ar,NULL,-34.50226000,-58.48147600,Localización precisa,INCAA / SInCA,Privado comercial,2,489,NULL,2018
06357110,06,06357,NULL,Salas de cine,Buenos Aires,General Pueyrredon,Mar del Plata,Teatro Auditorium,Bv. Maritimo 2280,NULL,7600,223,4937786,direccionauditorium@hotmail.com,http://programacionauditorium.blogspot.com/,NULL,-38.00671800,-57.54556100,Localización precisa,INCAA / SInCA,Público provincial,3,1563,NULL,2018
06532020,06,06532,NULL,Salas de cine,Buenos Aires,Mercedes,Mercedes,Cine Mercedes,Calle 20 728,NULL,6600,2324,432700,cine-mercedes@hotmail.com,http://cinemercedes.com/,NULL,-34.65227800,-59.43305700,Localización precisa,INCAA / SInCA,Privado comercial,1,190,NULL,2018
06280040,06,06280,NULL,Salas de cine,Buenos Aires,General Alvarado,Miramar,Cine Atlántico,Calle 21 1564,NULL,7607,2291,420167,recepcion666@cinemacenter.com.ar,http://www.cineteatroatlantico.com.ar/,NULL,-38.26812900,-57.84106600,Localización precisa,INCAA / SInCA,Privado comercial,1,902,NULL,2018
06420040,06,06420,NULL,Salas de cine,Buenos Aires,La Costa,Santa Teresita,Yanel,Calle 32 372,NULL,7107,224,6520348,NULL,NULL,NULL,-36.53491100,-56.69402700,Localización precisa,INCAA / SInCA,Privado comercial,2,635,NULL,2018
06420040,06,06420,NULL,Salas de cine,Buenos Aires,La Costa,Santa Teresita,Atlántico,Calle 41 258,NULL,7107,224,6528800,cinesdelacosta@yahoo.com.ar,NULL,NULL,-36.54343000,-56.70091200,Localización precisa,INCAA / SInCA,Privado comercial,1,1107,NULL,2018
06441030,06,06441,NULL,Salas de cine,Buenos Aires,La Plata,La Plata,Cinema Paraíso,Calle 46 780,NULL,1900,221,4834074,fharari@hotmail.com.ar,http://www.cinemalaplata.com,NULL,-34.91573400,-57.95674200,Localización precisa,INCAA / SInCA,Privado comercial,4,603,NULL,2018
06175010,06,06175,NULL,Salas de cine,Buenos Aires,Colon,Colón,Cine Teatro Colon,Calle 48 Y 19,NULL,2720,2477,515644,cineteatrocolon@hotmail.com,http://cineteatrocolon.com.ar,NULL,-33.90623700,-61.11381000,Localización precisa,INCAA / SInCA,Privado comercial,1,270,NULL,2018
06441030,06,06441,NULL,Salas de cine,Buenos Aires,La Plata,La Plata,Cinema,Calle 49 621,NULL,1900,221,4259873,fharari@hotmail.com.ar,http://www.cinemalaplata.com,NULL,-34.91472000,-57.95089800,Localización precisa,INCAA / SInCA,Privado comercial,6,1613,NULL,2018
06441030,06,06441,NULL,Salas de cine,Buenos Aires,La Plata,La Plata,Cine Municipal Select,Calle 50 Esq 49 Y 6,NULL,1900,221,4271210,cineylocacioneslaplata@gmail.com,http://www.cultura.laplata.gov.ar/lugar/cine-municipal-select,NULL,-34.91365300,-57.94945200,Localización precisa,INCAA / SInCA,Público municipal,1,174,si,2018
06420010,06,06420,NULL,Salas de cine,Buenos Aires,La Costa,Las Toninas,Las Toninas,Calle 7 1564 Entre 36 Y 38,NULL,7106,2246,431050,NULL,NULL,NULL,-36.49460400,-56.69602200,Localización precisa,INCAA / SInCA,Privado comercial,1,245,NULL,2018
06441030,06,06441,NULL,Salas de cine,Buenos Aires,La Plata,La Plata,Cinema,Calle 7 923,NULL,1900,221,4839947,fharari@hotmail.com.ar,http://www.cinemalaplata.com,NULL,-34.91532089,-57.94927541,Localización precisa,INCAA / SInCA,Privado comercial,7,2184,NULL,2018
06581040,06,06581,NULL,Salas de cine,Buenos Aires,Necochea,Necochea,Cines Ocean,Calle 83 350,NULL,7630,NULL,NULL,pedroacostaesteves@hotmail.com,https://www.cinesocean.com.ar/,NULL,-38.57961600,-58.73116400,Localización precisa,INCAA / SInCA,Privado comercial,3,1620,NULL,2018
06056010,06,06056,NULL,Salas de cine,Buenos Aires,Bahia Blanca,Bahía Blanca,Cines Del Centro - Cine Visión,Chiclana 452,NULL,8000,291,4547575,NULL,http://www.cinesdelcentrobb.com.ar/,NULL,-38.72210300,-62.26150700,Localización precisa,INCAA / SInCA,Privado comercial,2,501,NULL,2018
06833100,06,06833,NULL,Salas de cine,Buenos Aires,Tres Arroyos,Tres Arroyos,Cine El Solar Del Tortoni,Colon 255,NULL,7500,2983,425097,cinetortoni@eternet.com,http://www.elsolardeltortoni.com.ar/,NULL,-38.37966400,-60.27441300,Localización precisa,INCAA / SInCA,Privado comercial,1,160,NULL,2018
06515010,06,06515,NULL,Salas de cine,Buenos Aires,Malvinas Argentinas,Tortuguitas,Cinemark,Constituyentes Y Au Panamericana Km 36.5,NULL,1667,NULL,57771000,iventura@cinemark.com.ar,https://www.cinemarkhoyts.com.ar,NULL,-34.45337200,-58.72896900,Localización precisa,INCAA / SInCA,Privado comercial,8,1905,NULL,2018
06357110,06,06357,NULL,Salas de cine,Buenos Aires,General Pueyrredon,Mar del Plata,Cinemacenter,Cordoba 1673,NULL,7600,223,4957271,hbroemser@cinemacenter.com.ar,http://www.cinemacenter.com.ar/,NULL,-37.99907700,-57.54691400,Localización precisa,INCAA / SInCA,Privado comercial,4,947,NULL,2018
06315010,06,06315,NULL,Salas de cine,Buenos Aires,General Juan Madariaga,General Madariaga,Espacio INCAA Gral. Madariaga,Dr. Carlos Madariaga 499,NULL,7163,2267,552861,casadelacultura@hotmail.com,https://www.facebook.com/Espacio-INCAA-Madariaga-888001574621995/,NULL,-36.99869900,-57.13412100,Localización precisa,INCAA / SInCA,Público municipal,1,230,SI,2018
06568010,06,06560,NULL,Salas de cine,Buenos Aires,Moreno,Haedo,Showcase,Dr. Luis Guemes 393,NULL,1706,NULL,44439700,naiarg@naiarg.com.ar,https://www.todoshowcase.com/,NULL,-34.64406800,-58.59564300,Localización precisa,INCAA / SInCA,Privado comercial,14,3890,NULL,2018
06861010,06,06861,NULL,Salas de cine,Buenos Aires,Vicente Lopez,Munro,Showcase,E. Echeverria 3750,NULL,1605,NULL,47565900,naiarg@naiarg.com.ar galberdi@naiarg.com.ar,https://www.todoshowcase.com/,NULL,-34.51434100,-58.52215100,Localización precisa,INCAA / SInCA,Privado comercial,17,4214,NULL,2018
06840010,06,06840,NULL,Salas de cine,Buenos Aires,Tres de Febrero,Villa Bosch,Víctor Show Cinemas,El Payador 5539,NULL,1682,NULL,48440561,julio.perazzelli@hotmail.com,https://www.facebook.com/VictorShowCinemas/,NULL,-34.58918000,-58.57316100,Localización precisa,INCAA / SInCA,Privado comercial,3,413,NULL,2018
06357110,06,06357,NULL,Salas de cine,Buenos Aires,General Pueyrredon,Mar del Plata,Cine Cristal,Entre Rios 1783,NULL,7600,223,4914733,consultoraad@live.com.ar,NULL,NULL,-38.00220900,-57.54338800,Localización precisa,INCAA / SInCA,Privado comercial,2,40,NULL,2018
06270010,06,06270,NULL,Salas de cine,Buenos Aires,Ezeiza,Ezeiza,Multiplex,Formosa 653,Piso 1,1804,NULL,50750446,ldominguez@cinesmultiplex.com.ar,https://www.multiplex.com.ar/,NULL,-34.85611400,-58.50466400,Localización precisa,INCAA / SInCA,Privado comercial,6,1132,NULL,2018
06035010,06,06035,NULL,Salas de cine,Buenos Aires,Avellaneda,Avellaneda,Atlas Cine,Guemes 897,NULL,1870,NULL,43135050,info@atlascines.com.ar,cineatlasweb.com.ar,NULL,-34.67799300,-58.36723000,Localización precisa,INCAA / SInCA,Privado comercial,6,1275,NULL,2018
06420020,06,06420,NULL,Salas de cine,Buenos Aires,La Costa,Mar de Ajó,California,Hipolito Irigoyen 18,NULL,7112,2257,422022,exhibidoraatlantica@yahoo.com.ar,https://www.facebook.com/Cine-California-MDA-241279462590816/,NULL,-36.72659800,-56.67531300,Localización precisa,INCAA / SInCA,Privado comercial,2,551,NULL,2018
06028010,06,06028,NULL,Salas de cine,Buenos Aires,Almirante Brown,Adrogué,Atlas Cine,Hipolito Yrigoyen 13200,NULL,1846,NULL,43135050,info@atlascines.com.ar,cineatlasweb.com.ar,NULL,-34.80811000,-58.40240000,Localización precisa,INCAA / SInCA,Privado comercial,10,2505,NULL,2018
06301010,06,06301,NULL,Salas de cine,Buenos Aires,General Belgrano,General Belgrano,Cine Teatro Español,Larrea 688,NULL,7223,2243,453060,cultura@belgranomun.gob.ar,https://www.facebook.com/CINE-ESPA%C3%91OL-General-Belgrano-1440074889579719/,NULL,-35.76714300,-58.49599500,Localización precisa,INCAA / SInCA,Público municipal,1,378,NULL,2018
06847020,06,06847,NULL,Salas de cine,Buenos Aires,Tres Lomas,Tres Lomas,Cine Teatro Español,Monteverde 257,NULL,6409,2394,420855,rominaamutio@hotmail.com,https://www.facebook.com/cinetreslomas/,NULL,-36.45720700,-62.86291300,Localización precisa,INCAA / SInCA,Privado comercial,1,300,si,2018
06658010,06,06658,NULL,Salas de cine,Buenos Aires,Quilmes,Quilmes,Showcase,Olavarria 180,NULL,1878,NULL,42576006,naiarg@naiarg.com.ar,https://www.todoshowcase.com/,NULL,-34.72545900,-58.25529400,Localización precisa,INCAA / SInCA,Privado comercial,8,1730,NULL,2018
06084020,06,06084,NULL,Salas de cine,Buenos Aires,Benito Juarez,Benito Juarez,Centro Cultural Atilio Marinelli,Otamendi Y Av. San Martin,NULL,7020,11,5313467,ccatiliomarinelli@gmail.com,https://www.facebook.com/Centro-Cultural-Atilio-Marinelli-de-Benito-Ju%C3%A1rez-1396556527284843/,NULL,-37.68266300,-59.81605200,Localización precisa,INCAA / SInCA,Público municipal,1,350,NULL,2018
06791050,06,06791,NULL,Salas de cine,Buenos Aires,Tandil,Tandil,Cinemacenter,Panama 351,NULL,7000,2494,424251,centertandil@cinemacenter.com.ar,http://www.cinemacenter.com.ar/,NULL,-37.32425800,-59.11475800,Localización precisa,INCAA / SInCA,Privado comercial,4,758,NULL,2018
06638040,06,06638,NULL,Salas de cine,Buenos Aires,Pilar,Pilar,Village,Panamericana Ac. Norte Km 50,NULL,1629,230,4650505,village.pilar@village.com.ar,https://www.villagecines.com/,NULL,-34.45590600,-58.90832900,Localización precisa,INCAA / SInCA,Privado comercial,9,2675,NULL,2018
06756010,06,06756,NULL,Salas de cine,Buenos Aires,San Isidro,Martínez,Hoyts,Parana 3745,NULL,1640,NULL,41188118,rmazzutti@hoyts.com.ar,https://www.cinemarkhoyts.com.ar/,NULL,-34.50892146,-58.52347061,Localización precisa,INCAA / SInCA,Privado comercial,16,3427,NULL,2018
06868020,06,06868,NULL,Salas de cine,Buenos Aires,Villa Gesell,Villa Gesell,Atlantic,Paseo 105 Entre 3 Y 2,NULL,7165,2255,462323,cineatlanticgesell@gmail.com,http://cineatlantic.com.ar/,NULL,-37.25143000,-56.97679100,Localización precisa,INCAA / SInCA,Privado comercial,1,400,NULL,2018
06210020,06,06210,NULL,Salas de cine,Buenos Aires,Chacabuco,Chacabuco,Cine Teatro Español,Pueyrredon 29,NULL,6740,2352,442172,estudiodiazpalacio@gmail.com,http://cinemachacabuco.com.ar/,NULL,-34.64121400,-60.47163500,Localización precisa,INCAA / SInCA,Privado comercial,1,700,NULL,2018
06357110,06,06357,NULL,Salas de cine,Buenos Aires,General Pueyrredon,Mar del Plata,Cinemacenter,Rivadavia 3050,NULL,7600,223,4999200,gpaai@cinemacenter.com.ar,http://www.cinemacenter.com.ar/,NULL,-37.99796500,-57.55201900,Localización precisa,INCAA / SInCA,Privado comercial,2,487,NULL,2018
06511020,06,06511,NULL,Salas de cine,Buenos Aires,Maipu,Maipú,Cine Teatro Sociedad Italiana,Rivadavia 555,NULL,7160,2268,421649,marinagole@yahoo.com.ar,https://www.facebook.com/CineTeatroSociedadItalianaMaipu,NULL,-36.86123100,-57.88315200,Localización precisa,INCAA / SInCA,Privado comercial,1,450,si,2018
06427010,06,06427,NULL,Salas de cine,Buenos Aires,La Matanza,Gonzalez Catán,Cpm Cinemas Catan Shopping,Ruta 3 Km 29 Bj Manuel De Rosas 14457,NULL,1759,NULL,49534489,cpmcinemas@gmail.com,https://cpmcines.com,NULL,-34.76103200,-58.61558200,Localización precisa,INCAA / SInCA,Privado comercial,6,1114,NULL,2018
06455030,06,06455,NULL,Salas de cine,Buenos Aires,Las Flores,Las Flores,Cine San Martin,San Martin 593,NULL,7200,2244,462332,estre-c@hotmail.com,http://www.cinesanmartin3d.com.ar/,NULL,-36.01559900,-59.09858300,Localización precisa,INCAA / SInCA,Privado comercial,1,0,NULL,2018
06434010,06,06434,NULL,Salas de cine,Buenos Aires,Lanus,Lanús,Zona Cines Coto Lanús,Warnes 2450,NULL,1824,11,42399300,maciro@coto.com.ar,https://www.zonacines.com.ar,NULL,-34.69019200,-58.41905700,Localización precisa,INCAA / SInCA,Privado comercial,8,2037,NULL,2018
06791050,06,06791,NULL,Salas de cine,Buenos Aires,Tandil,Tandil,Espacio INCAA Unicen,Yrigoyen 662,NULL,7000,249,4628324,martinezmcarla@yahoo.com.ar,https://www.unicen.edu.ar/content/funciones-espacio-incaa-unicen-ahora-tambi%C3%A9n-podes-seguirnos-en-instagram,NULL,-37.32613170,-59.13857720,Localización precisa,INCAA / SInCA,Público nacional,1,430,si,2018
10049030,10,10049,NULL,Salas de cine,Catamarca,Capital,Catamarca,Cine Teatro Catamarca,San Martín 555,NULL,4700,383,4439129,NULL,http://www.turismo.catamarca.gob.ar/?vh_accommodation=teatros-en-sfvc/cine-teatro-catamarca,NULL,-28.46970900,-65.77888100,Localización precisa,INCAA / SInCA,Público municipal,1,1103,si,2018
06427010,06,06427,NULL,Salas de cine,Buenos Aires,La Matanza,San Justo,Espacio INCAA Km 16 La Matanza ,Av. Illia 2340,NULL,1754,11,35316634,''info@ccvb.org.ar
'',http://www.ccvb.org.ar/cinespecioincaa.html,NULL,-34.67482400,-58.56291300,Localización precisa,INCAA / SInCA,Privado independiente,1,390,SI,2018
